-0.5470037	0.4	0.00001588	0.00008305
-0.3556397	-6.9	0.00001848	0.00006906
0.2714684	-1.5	0.000018	0.00007103
0.4769702	1.3	0.00001398	0.0000905
0	0	0	0
2.5195714	5.7	0.00000656	0.00015827
0	0	0	0
1.989487	-5.7	0.00004639	0.00016984
0	0	0	0
-0.437598	-4.2	0.00004021	0.00011795
0	0	0	0
-0.1996	-1.6	0.00003419	0.00011738
0	0	0	0
-0.0951275	0.5	0.00003009	0.00013984
0	0	0	0
-1.2771555	4.3	-0.00001582	0.00008803
0	0	0	0
-0.008293	1.9	0.00001589	0.00010896
0	0	0	0
-0.5332895	3.9	-0.00002027	0.00009752
0	0	0	0
0.1487015	-0.2	0.00001473	0.00011622
0	0	0	0
-0.000006	0	0.00001459	0.00011006
0	0	0	0
0.490777	-1.4	0.00002833	0.00012135
0	0	0	0
-0.000641	0	0.00001741	0.00011558
0	0	0	0
-0.000115	0	0.00001736	0.00011546
0	0	0	0
-6.3200038	-59.9	0.00249074	0.00126614
0	0	0	0
0	0	0	0
0	0	0	0
0.0199828	-0.7	0.00002546	0.0000111
0	0	0	0
0	0	0	0
0	0	0	0
0.02	-0.8	0.00002583	0.00001057
0	0	0	0
0	0	0	0
0	0	0	0
0	-0.1	0.00002573	0.00001076
0	0	0	0
0	0	0	0
0	0	0	0
0.0100167	-0.4	0.00002601	0.00001032
0	0	0	0
0	0	0	0
0	0	0	0
-0.0199997	-2.1	0.00002512	0.00001265
0	0	0	0
0	0	0	0
0	0	0	0
8.332531	39.9	0.00289123	0.00489754
0	0	0	0
0	0	0	0
0	0	0	0
0	0	0	0
0.00781	-1.3	0.00016554	0.00020867
0	0	0	0
0	0	0	0
0	0	0	0
0	0	0	0
0.430476	1.2	0.00005206	0.00011251
0	0	0	0
0	0	0	0
0	0	0	0
0	0	0	0
1.029934	8.1	-0.00003454	0.00027345
0	0	0	0
0	0	0	0
0	0	0	0
0	0	0	0
0.390603	-0.9	0.00001789	0.00018775
0	0	0	0
0	0	0	0
0	0	0	0
0	0	0	0
-0.2709825	-2.6	0.00005871	0.00013973
0	0	0	0
0	0	0	0
0	0	0	0
0	0	0	0
-0.0499175	-2.1	0.00007921	0.00013704
0	0	0	0
0	0	0	0
0	0	0	0
0	0	0	0
0.0600865	0	0.00004444	0.00013276
0	0	0	0
0	0	0	0
0	0	0	0
0	0	0	0
-0.1279105	1.7	0.00005726	0.0001688
0	0	0	0
0	0	0	0
0	0	0	0
0	0	0	0
-0.161363	-2.4	0.00006684	0.00012703
0	0	0	0
0	0	0	0
0	0	0	0
0	0	0	0
0.29875	-0.9	0.00007714	0.00013635
0	0	0	0
0	0	0	0
0	0	0	0
0	0	0	0
-0.249841	-0.4	0.00006149	0.00012131
0	0	0	0
0	0	0	0
0	0	0	0
0	0	0	0
-0.199033	-2	0.00008266	0.00010199
0	0	0	0
0	0	0	0
0	0	0	0
0	0	0	0
-0.03013	-0.8	0.00006769	0.00012488
0	0	0	0
0	0	0	0
0	0	0	0
0	0	0	0
-0.43043	1.2	0.00007919	0.00010983
0	0	0	0
0	0	0	0
0	0	0	0
0	0	0	0
-2.4888965	4.3	0.0000119	0.00007574
0	0	0	0
0	0	0	0
0	0	0	0
0	0	0	0
-0.9716975	0.1	0.00004142	0.00008986
0	0	0	0
0	0	0	0
0	0	0	0
0	0	0	0
-0.118486	-0.5	0.00004202	0.00008592
0	0	0	0
0	0	0	0
0	0	0	0
0	0	0	0
-0.410895	-1.8	0.00002631	0.00007665
0	0	0	0
0	0	0	0
0	0	0	0
0	0	0	0
0.269375	2.7	0.00003792	0.00010776
0	0	0	0
0	0	0	0
0	0	0	0
0	0	0	0
0.540051	-3.1	0.00006571	0.0000937
0	0	0	0
0	0	0	0
0	0	0	0
0	0	0	0
0.249949	-3.6	0.00006084	0.00008446
0	0	0	0
0	0	0	0
0	0	0	0
0	0	0	0
0.510131	1.1	0.00004939	0.00009241
0	0	0	0
0	0	0	0
0	0	0	0
0	0	0	0
0.179915	2.2	0.00004641	0.00010547
0	0	0	0
0	0	0	0
0	0	0	0
0	0	0	0
-0.199789	-0.6	0.0000533	0.00011543
0	0	0	0
0	0	0	0
0	0	0	0
0	0	0	0
-0.45006	-1.2	0.00005314	0.00009815
0	0	0	0
0	0	0	0
0	0	0	0
0	0	0	0
-0.598076	0.1	0.00005682	0.00007385
0	0	0	0
0	0	0	0
0	0	0	0
0	0	0	0
-0.387959	3	0.0000197	0.00009776
0	0	0	0
0	0	0	0
0	0	0	0
0	0	0	0
-0.9241345	2.5	0.00001784	0.00007519
0	0	0	0
0	0	0	0
0	0	0	0
0	0	0	0
-1.8499432	19.5	-0.00001026	0.00006178
0	0	0	0
0	0	0	0
0	0	0	0
0	0	0	0
-0.2196069	25.2	-0.0000421	0.00008822
0	0	0	0
0	0	0	0
0	0	0	0
0	0	0	0
-0.1792554	15.5	-0.00003399	0.00007012
0	0	0	0
0	0	0	0
0	0	0	0
0	0	0	0
-0.4458476	17.5	-0.00003798	0.00001551
0	0	0	0
0	0	0	0
0	0	0	0
0	0	0	0
1.0962056	4	-0.00006649	0.00007041
0	0	0	0
0	0	0	0
0	0	0	0
0	0	0	0
1.289298	12.8	-0.00007995	0.00004617
0	0	0	0
0	0	0	0
0	0	0	0
0	0	0	0
1.899122	13.4	-0.00011954	0.00001822
0	0	0	0
0	0	0	0
0	0	0	0
0	0	0	0
1.25002	-2	-0.00010152	0.00005043
0	0	0	0
0	0	0	0
0	0	0	0
0	0	0	0
0.890438	-2	-0.00010136	0.00004567
0	0	0	0
0	0	0	0
0	0	0	0
0	0	0	0
-0.210383	0.7	-0.00008146	0.00002294
0	0	0	0
0	0	0	0
0	0	0	0
0	0	0	0
-0.186614	-0.1	-0.00006984	0.0000452
0	0	0	0
0	0	0	0
0	0	0	0
0	0	0	0
-0.622003	0.3	-0.00008241	0.00004498
0	0	0	0
0	0	0	0
0	0	0	0
0	0	0	0
-0.311328	-0.2	-0.00007338	0.00001655
0	0	0	0
0	0	0	0
0	0	0	0
0	0	0	0
0.405314	3.7	-0.00009506	0.00003455
0	0	0	0
0	0	0	0
0	0	0	0
0	0	0	0
-0.279145	-3.1	-0.0000858	0.00003658
0	0	0	0
0	0	0	0
0	0	0	0
0	0	0	0
0.015965	-1	-0.00008788	0.0000392
0	0	0	0
0	0	0	0
0	0	0	0
0	0	0	0
0.12806	-0.4	-0.00008461	0.00004109
0	0	0	0
0	0	0	0
0	0	0	0
0	0	0	0
0.65105	-2.3	-0.00008733	0.00004569
0	0	0	0
0	0	0	0
0	0	0	0
0	0	0	0
-0.951244	2.4	-0.00005608	0.00001421
0	0	0	0
0	0	0	0
0	0	0	0
0	0	0	0
-0.008791	0	-0.00008892	0.00004837
0	0	0	0
0	0	0	0
0	0	0	0
0	0	0	0
-1.030864	0.1	-0.00005894	0.00003516
0	0	0	0
0	0	0	0
0	0	0	0
0	0	0	0
-0.6903156	-1.8	-0.00006463	0.00003083
0	0	0	0
0	0	0	0
0	0	0	0
0	0	0	0
-0.4499159	-2.8	-0.00005626	0.0000337
0	0	0	0
0	0	0	0
0	0	0	0
0	0	0	0
-2.5602021	2.3	-0.00005553	0.00000393
0	0	0	0
0	0	0	0
0	0	0	0
0	0	0	0
-0.1100414	-0.6	-0.00004917	0.00003017
0	0	0	0
0	0	0	0
0	0	0	0
0	0	0	0
-1.0593307	-0.7	-0.00003365	0.00002389
0	0	0	0
0	0	0	0
0	0	0	0
0	0	0	0
0.1393307	-2.6	-0.00003164	0.00002115
0	0	0	0
0	0	0	0
0	0	0	0
0	0	0	0
-0.0686598	1.3	-0.0000314	0.00002683
0	0	0	0
0	0	0	0
0	0	0	0
0	0	0	0
0.1887748	-5.9	-0.00003472	0.00002876
0	0	0	0
0	0	0	0
0	0	0	0
0	0	0	0
0.139885	-0.6	-0.000036	0.0000309
0	0	0	0
0	0	0	0
0	0	0	0
0	0	0	0
-0.0699874	0.8	-0.0000304	0.00003013
0	0	0	0
0	0	0	0
0	0	0	0
0	0	0	0
0.3702741	-3.6	-0.00004797	0.00003828
0	0	0	0
0	0	0	0
0	0	0	0
0	0	0	0
-0.0788731	-5.5	-0.0000228	0.00003741
0	0	0	0
0	0	0	0
0	0	0	0
0	0	0	0
0.0386328	-0.6	-0.00003631	0.00003721
0	0	0	0
0	0	0	0
0	0	0	0
0	0	0	0
0.851346	3.9	-0.00007898	0.00006672
0	0	0	0
0	0	0	0
0	0	0	0
0	0	0	0
-1.3288412	-20.3	-0.00000964	0.00005073
0	0	0	0
0	0	0	0
0	0	0	0
0	0	0	0
0.4273088	-20.9	-0.00001162	0.00006538
0	0	0	0
0	0	0	0
0	0	0	0
0	0	0	0
0.7541225	-21.4	0.00002329	0.00005917
0	0	0	0
0	0	0	0
0	0	0	0
0	0	0	0
-0.672328	-13.4	0.00002679	0.00003669
0	0	0	0
0	0	0	0
0	0	0	0
0	0	0	0
2.3784643	-27.7	0.00007877	0.00004583
0	0	0	0
0	0	0	0
0	0	0	0
0	0	0	0
0.3299446	1.6	0.00004424	0.000067
0	0	0	0
0	0	0	0
0	0	0	0
0	0	0	0
0.0303878	-2.5	0.00004818	0.00005928
0	0	0	0
0	0	0	0
0	0	0	0
0	0	0	0
-0.0603372	-0.3	0.00004781	0.00005483
0	0	0	0
0	0	0	0
0	0	0	0
0	0	0	0
0.4498927	3.1	0.00005272	0.00007174
0	0	0	0
0	0	0	0
0	0	0	0
0	0	0	0
0.5704963	1.3	0.00005438	0.00008469
0	0	0	0
0	0	0	0
0	0	0	0
0	0	0	0
0.979502	-1.9	0.00008392	0.0000806
0	0	0	0
0	0	0	0
0	0	0	0
0	0	0	0
0.560251	-0.7	0.00007227	0.00008436
0	0	0	0
0	0	0	0
0	0	0	0
0	0	0	0
0.221217	-1.3	0.00006802	0.00007644
0	0	0	0
0	0	0	0
0	0	0	0
0	0	0	0
-0.06096	-2.5	0.00008482	0.00006761
0	0	0	0
0	0	0	0
0	0	0	0
0	0	0	0
-0.240513	-0.6	0.0000635	0.00007148
0	0	0	0
0	0	0	0
0	0	0	0
0	0	0	0
-0.0199945	-0.3	0.00006834	0.00007257
0	0	0	0
0	0	0	0
0	0	0	0
0	0	0	0
-0.2899995	0.3	0.00005712	0.00007211
0	0	0	0
0	0	0	0
0	0	0	0
0	0	0	0
0	0	0.00006508	0.00007237
0	0	0	0
0	0	0	0
0	0	0	0
0	0	0	0
-0.239805	1.9	0.00004745	0.00008994
0	0	0	0
0	0	0	0
0	0	0	0
0	0	0	0
-0.110195	0.2	0.00005473	0.00006182
0	0	0	0
0	0	0	0
0	0	0	0
0	0	0	0
-0.160001	0.3	0.00005608	0.00007
0	0	0	0
0	0	0	0
0	0	0	0
0	0	0	0
-0.41	8.5	0.00003338	0.00008692
0	0	0	0
0	0	0	0
0	0	0	0
0	0	0	0
0.14009	-0.2	0.00005042	0.00007961
0	0	0	0
0	0	0	0
0	0	0	0
0	0	0	0
0.429911	1.8	0.00004852	0.00013767
0	0	0	0
0	0	0	0
0	0	0	0
0	0	0	0
1.530071	7	0.00005023	0.0002565
0	0	0	0
0	0	0	0
0	0	0	0
0	0	0	0
1.600072	7.1	0.00004312	0.00020732
0	0	0	0
0	0	0	0
0	0	0	0
0	0	0	0
0.480529	-0.4	0.00004984	0.00014985
0	0	0	0
0	0	0	0
0	0	0	0
0	0	0	0
1.212398	1.1	0.0000558	0.0002016
0	0	0	0
0	0	0	0
0	0	0	0
0	0	0	0
0.918161	-4.9	0.0000951	0.00026393
0	0	0	0
0	0	0	0
0	0	0	0
0	0	0	0
-0.301206	-0.9	0.00007036	0.00014896
0	0	0	0
0	0	0	0
0	0	0	0
0	0	0	0
-0.149974	-0.1	0.0000631	0.00015151
0	0	0	0
0	0	0	0
0	0	0	0
0	0	0	0
-1.679732	-4.4	0.0000531	0.00010238
0	0	0	0
0	0	0	0
0	0	0	0
0	0	0	0
0.109738	-0.7	0.00009675	0.00012674
0	0	0	0
0	0	0	0
0	0	0	0
0	0	0	0
0.039937	1.1	0.00005093	0.0000946
0	0	0	0
0	0	0	0
0	0	0	0
0	0	0	0
0.831074	-10.6	0.00016039	0.00004798
0	0	0	0
0	0	0	0
0	0	0	0
0	0	0	0
-0.060891	0.6	0.00007083	0.0001271
0	0	0	0
0	0	0	0
0	0	0	0
0	0	0	0
0.150116	-3	-0.00002248	0.00003521
0	0	0	0
0	0	0	0
0	0	0	0
0	0	0	0
0.270748	-4.7	-0.00004918	0.00002055
0	0	0	0
0	0	0	0
0	0	0	0
0	0	0	0
0.489041	-3	0.00014817	0.00012987
0	0	0	0
0	0	0	0
0	0	0	0
0	0	0	0
-0.3200305	-0.8	0.00008653	0.00005859
0	0	0	0
0	0	0	0
0	0	0	0
0	0	0	0
-1.2500575	-5.9	0.00006795	-0.00000246
0	0	0	0
0	0	0	0
0	0	0	0
0	0	0	0
0.000141	-0.2	0.00009623	0.00007467
0	0	0	0
0	0	0	0
0	0	0	0
0	0	0	0
1.250218	5.1	0.00012749	0.00023597
0	0	0	0
0	0	0	0
0	0	0	0
0	0	0	0
0.250148	-0.2	0.00012021	0.00013637
0	0	0	0
0	0	0	0
0	0	0	0
0	0	0	0
0.709828	-2.7	0.00018513	0.00009216
0	0	0	0
0	0	0	0
0	0	0	0
0	0	0	0
-0.210304	-0.9	0.00011753	0.0000584
0	0	0	0
0	0	0	0
0	0	0	0
0	0	0	0
-1.279938	-11.8	0.00010227	-0.00012527
0	0	0	0
0	0	0	0
0	0	0	0
0	0	0	0
1.12992	-10.2	0.00006425	-0.00000478
0	0	0	0
0	0	0	0
0	0	0	0
0	0	0	0
0.210261	-0.3	0.00013823	-0.00000918
0	0	0	0
0	0	0	0
0	0	0	0
0	0	0	0
-0.410243	0.3	0.00014918	-0.0000101
0	0	0	0
0	0	0	0
0	0	0	0
0	0	0	0
-4.149987	-1.9	-0.00038052	-0.00017638
0	0	0	0
0	0	0	0
0	0	0	0
0	0	0	0
-0.150044	1	0.00007266	0.00001198
0	0	0	0
0	0	0	0
0	0	0	0
0	0	0	0
-0.029955	0.2	0.0000788	0.00001278
0	0	0	0
0	0	0	0
0	0	0	0
0	0	0	0
-1.420022	2.9	0.00005487	0.00003431
0	0	0	0
0	0	0	0
0	0	0	0
0	0	0	0
-2.4595034	13.9	0.00002613	0.00002491
0	0	0	0
0	0	0	0
0	0	0	0
0	0	0	0
-0.6652766	4	0.00003721	0.00002245
0	0	0	0
0	0	0	0
0	0	0	0
0	0	0	0
-0.555233	-4.5	0.00003593	0.00002813
0	0	0	0
0	0	0	0
0	0	0	0
0	0	0	0
-0.4168143	-5.3	0.00003908	0.00004167
0	0	0	0
0	0	0	0
0	0	0	0
0	0	0	0
-0.9708163	18.4	0.00002579	0.00007006
0	0	0	0
0	0	0	0
0	0	0	0
0	0	0	0
-0.7522188	-12.9	0.00001468	-0.00002014
0	0	0	0
0	0	0	0
0	0	0	0
0	0	0	0
-0.5693536	-16.5	0.00002255	0.00001319
0	0	0	0
0	0	0	0
0	0	0	0
0	0	0	0
0.059215	-1.1	0.00002283	0.00000206
0	0	0	0
0	0	0	0
0	0	0	0
0	0	0	0
0.059978	-1.1	0.0000234	0.00000124
0	0	0	0
0	0	0	0
0	0	0	0
0	0	0	0
0.1600796	350.4	0.0000346	-0.0000232
0	0	0	0
0	0	0	0
0	0	0	0
0	0	0	0
0.160089	-347	0.0000317	0.00003648
0	0	0	0
0	0	0	0
0	0	0	0
0	0	0	0
0.2006848	5.3	0.00003623	0.00001665
0	0	0	0
0	0	0	0
0	0	0	0
0	0	0	0
0.3491466	44.9	0.00001176	0.00006205
0	0	0	0
0	0	0	0
0	0	0	0
0	0	0	0
0.13	-12.7	0.00001451	0.00005896
0	0	0	0
0	0	0	0
0	0	0	0
0	0	0	0
0.5	3.8	0.00019524	0.00019605
0	0	0	0
0	0	0	0
0	0	0	0
0	0	0	0
0	0	0.00002285	0.000037
0	0	0	0
0	0	0	0
0	0	0	0
0	0	0	0
0.9705085	-9.7	0.00007964	0.00004521
0	0	0	0
0	0	0	0
0	0	0	0
0	0	0	0
-1.3347662	2.4	0.00004367	0.00002506
0	0	0	0
0	0	0	0
0	0	0	0
0	0	0	0
0.0349537	-3.9	0.00003402	0.00002312
0	0	0	0
0	0	0	0
0	0	0	0
0	0	0	0
0.331498	9	0.00001845	0.00005766
0	0	0	0
0	0	0	0
0	0	0	0
0	0	0	0
-0.378507	12.3	0.00000795	0.00006298
0	0	0	0
0	0	0	0
0	0	0	0
0	0	0	0
-0.2233024	12.9	0.00000077	0.00005903
0	0	0	0
0	0	0	0
0	0	0	0
0	0	0	0
-0.0203846	5.5	-0.00000256	0.00006466
0	0	0	0
0	0	0	0
0	0	0	0
0	0	0	0
0.2707	1.6	-0.0000003	0.00007009
0	0	0	0
0	0	0	0
0	0	0	0
0	0	0	0
0.0293567	0.6	0.00000102	0.00006697
0	0	0	0
0	0	0	0
0	0	0	0
0	0	0	0
1.9100907	18.2	-0.00021086	0.00036126
0	0	0	0
0	0	0	0
0	0	0	0
0	0	0	0
-0.0101384	0.1	-0.0000075	0.00006998
0	0	0	0
0	0	0	0
0	0	0	0
0	0	0	0
3.909991	17	-0.00038197	0.0005108
0	0	0	0
0	0	0	0
0	0	0	0
0	0	0	0
0.52	-3	0.00002932	0.00028773
0	0	0	0
0	0	0	0
0	0	0	0
0	0	0	0
0.18	3.5	-0.0000341	0.00025697
0	0	0	0
0	0	0	0
0	0	0	0
0	0	0	0
0.150123	6.6	-0.00009097	0.00017696
0	0	0	0
0	0	0	0
0	0	0	0
0	0	0	0
-0.119408	15.8	-0.00013155	0.00000273
0	0	0	0
0	0	0	0
0	0	0	0
0	0	0	0
0.619753	9.3	-0.00014748	0.00020556
0	0	0	0
0	0	0	0
0	0	0	0
0	0	0	0
-0.479053	0.9	-0.00000244	-0.00002565
0	0	0	0
0	0	0	0
0	0	0	0
0	0	0	0
-0.039247	-6.9	-0.00004958	0.00011197
0	0	0	0
0	0	0	0
0	0	0	0
0	0	0	0
-0.031059	-1.6	-0.00005832	0.00008067
0	0	0	0
0	0	0	0
0	0	0	0
0	0	0	0
-0.379449	1	-0.00004998	0.00004089
0	0	0	0
0	0	0	0
0	0	0	0
0	0	0	0
0.639032	-11.3	-0.00005348	0.00018146
0	0	0	0
0	0	0	0
0	0	0	0
0	0	0	0
0.619531	-7.6	-0.00012647	0.00023479
0	0	0	0
0	0	0	0
0	0	0	0
0	0	0	0
-0.349305	-12.6	0.00000003	0.00016161
0	0	0	0
0	0	0	0
0	0	0	0
0	0	0	0
0.339736	-8.5	0.00005133	0.00011018
0	0	0	0
0	0	0	0
0	0	0	0
0	0	0	0
0.530598	-22	0.0002381	0.00007214
0	0	0	0
0	0	0	0
0	0	0	0
0	0	0	0
-0.121182	-4	0.00007266	0.00011868
0	0	0	0
0	0	0	0
0	0	0	0
0	0	0	0
0.42088	-16.8	0.00006799	0.00014652
0	0	0	0
0	0	0	0
0	0	0	0
0	0	0	0
0.549732	-4.9	0.00004948	0.00014108
0	0	0	0
0	0	0	0
0	0	0	0
0	0	0	0
1.191439	-0.9	-0.00001361	0.00022088
0	0	0	0
0	0	0	0
0	0	0	0
0	0	0	0
0.26395	-3.6	0.00012205	0.00011841
0	0	0	0
0	0	0	0
0	0	0	0
0	0	0	0
-0.034474	-4.6	0.00005288	0.00013227
0	0	0	0
0	0	0	0
0	0	0	0
0	0	0	0
-0.011506	-5.6	0.00012098	0.00009089
0	0	0	0
0	0	0	0
0	0	0	0
0	0	0	0
0.00004	-1.8	0.00010306	0.00010446
0	0	0	0
0	0	0	0
0	0	0	0
0	0	0	0
1.850127	-4.6	0.00016769	0.00015135
0	0	0	0
0	0	0	0
0	0	0	0
0	0	0	0
1.160502	-1.2	0.00013754	0.00012169
0	0	0	0
0	0	0	0
0	0	0	0
0	0	0	0
-0.350734	-1	0.00013592	0.00011379
0	0	0	0
0	0	0	0
0	0	0	0
0	0	0	0
-0.270026	-0.1	0.00012499	0.00008884
0	0	0	0
0	0	0	0
0	0	0	0
0	0	0	0
0.03011	1.1	0.00010003	0.00013995
0	0	0	0
0	0	0	0
0	0	0	0
0	0	0	0
0.009893	-0.7	0.00013451	0.00007206
0	0	0	0
0	0	0	0
0	0	0	0
0	0	0	0
-0.309975	1.7	0.00011127	0.00010341
0	0	0	0
0	0	0	0
0	0	0	0
0	0	0	0
0.100051	-0.2	0.00013499	0.00009467
0	0	0	0
0	0	0	0
0	0	0	0
0	0	0	0
0.119949	-1.4	0.0001319	0.00011109
0	0	0	0
0	0	0	0
0	0	0	0
0	0	0	0
-0.369644	5	0.00009002	0.00013966
0	0	0	0
0	0	0	0
0	0	0	0
0	0	0	0
0.741218	1.1	0.00012955	0.00012399
0	0	0	0
0	0	0	0
0	0	0	0
0	0	0	0
1.101126	-0.7	0.000153	0.00013491
0	0	0	0
0	0	0	0
0	0	0	0
0	0	0	0
-1.13262	-1.5	0.00012026	0.00001217
0	0	0	0
0	0	0	0
0	0	0	0
0	0	0	0
0.189892	1.1	0.00013393	0.00013059
0	0	0	0
0	0	0	0
0	0	0	0
0	0	0	0
-0.969972	1.4	0.00007953	0.00008408
0	0	0	0
0	0	0	0
0	0	0	0
0	0	0	0
0.1900515	1.6	0.00009539	0.00017865
0	0	0	0
0	0	0	0
0	0	0	0
0	0	0	0
0.4604375	0.8	0.00012061	0.00014892
0	0	0	0
0	0	0	0
0	0	0	0
0	0	0	0
-0.579705	1.8	0.00008086	0.00011765
0	0	0	0
0	0	0	0
0	0	0	0
0	0	0	0
-0.160697	1.1	0.0000708	0.00011966
0	0	0	0
0	0	0	0
0	0	0	0
0	0	0	0
0.490583	0.5	0.00016138	0.0001795
0	0	0	0
0	0	0	0
0	0	0	0
0	0	0	0
1.030468	-3	0.00013655	0.00011713
0	0	0	0
0	0	0	0
0	0	0	0
0	0	0	0
-0.67995	0.3	0.00008643	0.00011327
0	0	0	0
0	0	0	0
0	0	0	0
0	0	0	0
0.048979	0.1	0.0001169	0.00014089
0	0	0	0
0	0	0	0
0	0	0	0
0	0	0	0
-0.279751	2.7	0.00005764	0.0001909
0	0	0	0
0	0	0	0
0	0	0	0
0	0	0	0
-0.340365	2.8	0.00006	0.00015666
0	0	0	0
0	0	0	0
0	0	0	0
0	0	0	0
-0.4094455	1.4	0.00007641	0.00014131
0	0	0	0
0	0	0	0
0	0	0	0
0	0	0	0
-0.3058715	-2.5	0.00010153	-0.0000065
0	0	0	0
0	0	0	0
0	0	0	0
0	0	0	0
0.266534	0.1	0.00010315	0.00013207
0	0	0	0
0	0	0	0
0	0	0	0
0	0	0	0
0.768901	-0.3	0.00012312	0.00015347
0	0	0	0
0	0	0	0
0	0	0	0
0	0	0	0
-0.839364	-3.4	0.0001077	0.00007718
0	0	0	0
0	0	0	0
0	0	0	0
0	0	0	0
1.469312	-2.7	0.00015074	0.00010653
0	0	0	0
0	0	0	0
0	0	0	0
0	0	0	0
-0.719992	-0.3	0.00010792	0.00011549
0	0	0	0
0	0	0	0
0	0	0	0
0	0	0	0
0.980269	1.9	0.00014308	0.00015161
0	0	0	0
0	0	0	0
0	0	0	0
0	0	0	0
-0.73943	4	0.00012147	0.00008543
0	0	0	0
0	0	0	0
0	0	0	0
0	0	0	0
-0.859947	6.2	0.00012833	0.00011556
0	0	0	0
0	0	0	0
0	0	0	0
0	0	0	0
0.249158	0.3	0.0001088	0.00017058
0	0	0	0
0	0	0	0
0	0	0	0
0	0	0	0
0.229875	2.6	0.00000473	0.00023039
0	0	0	0
0	0	0	0
0	0	0	0
0	0	0	0
0.079922	0.4	0.00008453	0.00017384
0	0	0	0
0	0	0	0
0	0	0	0
0	0	0	0
0.51001	-1.8	0.00007599	0.00018476
0	0	0	0
0	0	0	0
0	0	0	0
0	0	0	0
-0.280007	-1.1	0.00009593	0.00012532
0	0	0	0
0	0	0	0
0	0	0	0
0	0	0	0
0.510046	2.3	0.00005667	0.00023684
0	0	0	0
0	0	0	0
0	0	0	0
0	0	0	0
-0.010022	0	0.00009285	0.00016904
0	0	0	0
0	0	0	0
0	0	0	0
0	0	0	0
0.23	0.5	0.00009663	0.00020808
0	0	0	0
0	0	0	0
0	0	0	0
0	0	0	0
-0.01	0	0.00009315	0.00017216
0	0	0	0
0	0	0	0
0	0	0	0
0	0	0	0
1.479997	0.8	0.00012209	0.00026642
0	0	0	0
0	0	0	0
0	0	0	0
0	0	0	0
-0.010023	0	0.00009931	0.00018901
0	0	0	0
0	0	0	0
0	0	0	0
0	0	0	0
-1.349857	-0.6	0.00006647	0.00012221
0	0	0	0
0	0	0	0
0	0	0	0
0	0	0	0
1.509897	-2.4	0.00019355	0.00020571
0	0	0	0
0	0	0	0
0	0	0	0
0	0	0	0
-0.419943	0.2	0.00013991	0.00023734
0	0	0	0
0	0	0	0
0	0	0	0
0	0	0	0
0.490288	1.7	0.00007762	0.00015866
0	0	0	0
0	0	0	0
0	0	0	0
0	0	0	0
-0.030361	0.1	0.0001173	0.00020056
0	0	0	0
0	0	0	0
0	0	0	0
0	0	0	0
0.560017	1.4	0.00008655	0.00026606
0	0	0	0
0	0	0	0
0	0	0	0
0	0	0	0
-0.090001	2.2	0.00005038	0.00026864
0	0	0	0
0	0	0	0
0	0	0	0
0	0	0	0
-0.679945	2.3	0.00003104	0.00020431
0	0	0	0
0	0	0	0
0	0	0	0
0	0	0	0
-0.140096	2.4	-0.00003371	0.00021935
0	0	0	0
0	0	0	0
0	0	0	0
0	0	0	0
-0.189999	-0.4	0.0000805	0.00021977
0	0	0	0
0	0	0	0
0	0	0	0
0	0	0	0
-0.089456	0.4	0.00007826	0.00018187
0	0	0	0
0	0	0	0
0	0	0	0
0	0	0	0
0.619627	-0.1	0.00008152	0.00022489
0	0	0	0
0	0	0	0
0	0	0	0
0	0	0	0
-0.100106	0.1	0.00008276	0.00021128
0	0	0	0
0	0	0	0
0	0	0	0
0	0	0	0
-1.800066	1.8	0.00005705	0.0001476
0	0	0	0
0	0	0	0
0	0	0	0
0	0	0	0
-1.679881	1.2	0.00004796	0.00013454
0	0	0	0
0	0	0	0
0	0	0	0
0	0	0	0
1.460656	-4.7	0.0001517	0.00018335
0	0	0	0
0	0	0	0
0	0	0	0
0	0	0	0
-0.210725	-0.6	0.00007273	0.00016641
0	0	0	0
0	0	0	0
0	0	0	0
0	0	0	0
2.739974	7.3	-0.00004358	0.00049956
0	0	0	0
0	0	0	0
0	0	0	0
0	0	0	0
0.240069	-0.1	0.00005178	0.00026893
0	0	0	0
0	0	0	0
0	0	0	0
0	0	0	0
-0.15007	0.2	0.00007265	0.00022684
0	0	0	0
0	0	0	0
0	0	0	0
0	0	0	0
-0.039999	-0.1	0.00007857	0.00022314
0	0	0	0
0	0	0	0
0	0	0	0
0	0	0	0
-0.020012	-0.1	0.00007438	0.00022266
0	0	0	0
0	0	0	0
0	0	0	0
0	0	0	0
0.560051	0.4	0.00011312	0.00050872
0	0	0	0
0	0	0	0
0	0	0	0
0	0	0	0
0.00996	-0.1	0.00007391	0.00022922
0	0	0	0
0	0	0	0
0	0	0	0
0	0	0	0
-0.01	-0.2	0.00008427	0.00022369
0	0	0	0
0	0	0	0
0	0	0	0
0	0	0	0
-0.640013	-3.3	0.00012216	0.00018127
0	0	0	0
0	0	0	0
0	0	0	0
0	0	0	0
0.010002	-0.2	0.00008797	0.00021247
0	0	0	0
0	0	0	0
0	0	0	0
0	0	0	0
0.48003	-3.1	0.00016098	0.00016881
0	0	0	0
0	0	0	0
0	0	0	0
0	0	0	0
-0.760042	0.8	0.00006859	0.00019505
0	0	0	0
0	0	0	0
0	0	0	0
0	0	0	0
-0.729822	0.2	0.00011067	0.00020417
0	0	0	0
0	0	0	0
0	0	0	0
0	0	0	0
1.020267	-2.1	0.00017226	0.00023623
0	0	0	0
0	0	0	0
0	0	0	0
0	0	0	0
0.309557	-1.1	0.00015887	0.00020528
0	0	0	0
0	0	0	0
0	0	0	0
0	0	0	0
-0.179685	-0.2	0.00011366	0.00018838
0	0	0	0
0	0	0	0
0	0	0	0
0	0	0	0
0.540111	-0.8	0.00013258	0.00020831
0	0	0	0
0	0	0	0
0	0	0	0
0	0	0	0
-0.010303	0	0.00009968	0.00020795
0	0	0	0
0	0	0	0
0	0	0	0
0	0	0	0
0.079915	-1.4	0.00015889	0.00016415
0	0	0	0
0	0	0	0
0	0	0	0
0	0	0	0
-0.04003	0.3	0.00008556	0.00021128
0	0	0	0
0	0	0	0
0	0	0	0
0	0	0	0
-0.15	-0.3	0.00013292	0.00019329
0	0	0	0
0	0	0	0
0	0	0	0
0	0	0	0
-0.089987	-1.4	0.00015157	0.00013336
0	0	0	0
0	0	0	0
0	0	0	0
0	0	0	0
0.97022	1.8	0.00023456	0.00017349
0	0	0	0
0	0	0	0
0	0	0	0
0	0	0	0
-0.310233	-0.1	0.00006623	0.00026349
0	0	0	0
0	0	0	0
0	0	0	0
0	0	0	0
-0.009987	-0.1	0.00010521	0.0002094
0	0	0	0
0	0	0	0
0	0	0	0
0	0	0	0
0	0	0.00010501	0.0002095
0	0	0	0
0	0	0	0
0	0	0	0
0	0	0	0
-0.009983	0	0.00010496	0.0002094
0	0	0	0
0	0	0	0
0	0	0	0
0	0	0	0
-1.330031	3.9	-0.00000981	0.00021882
0	0	0	0
0	0	0	0
0	0	0	0
0	0	0	0
-1.150009	2.4	0.0000835	0.00022669
0	0	0	0
0	0	0	0
0	0	0	0
0	0	0	0
0.290026	1.1	0.00001476	0.00023033
0	0	0	0
0	0	0	0
0	0	0	0
0	0	0	0
0.339986	1	0.00004144	0.00027156
0	0	0	0
0	0	0	0
0	0	0	0
0	0	0	0
0.480013	-0.3	0.00014258	0.00030383
0	0	0	0
0	0	0	0
0	0	0	0
0	0	0	0
-0.000013	0	0.00007773	0.00021261
0	0	0	0
0	0	0	0
0	0	0	0
0	0	0	0
-0.390011	0.5	0.00006148	0.00021157
0	0	0	0
0	0	0	0
0	0	0	0
0	0	0	0
-0.399998	-0.5	0.00009058	0.00014859
0	0	0	0
0	0	0	0
0	0	0	0
0	0	0	0
-0.18	-0.1	0.000087	0.00018145
0	0	0	0
0	0	0	0
0	0	0	0
0	0	0	0
1.590037	-0.9	0.00010992	0.00029987
0	0	0	0
0	0	0	0
0	0	0	0
0	0	0	0
0.560865	1.1	0.0000969	0.00039108
0	0	0	0
0	0	0	0
0	0	0	0
0	0	0	0
-1.460028	-8.9	0.00035749	-0.00015006
0	0	0	0
0	0	0	0
0	0	0	0
0	0	0	0
-0.550833	-0.7	0.00011143	0.00006181
0	0	0	0
0	0	0	0
0	0	0	0
0	0	0	0
-0.10004	0.4	0.00008902	0.00022043
0	0	0	0
0	0	0	0
0	0	0	0
0	0	0	0
-0.319933	0.5	0.00008575	0.00020815
0	0	0	0
0	0	0	0
0	0	0	0
0	0	0	0
-0.809965	0.8	0.00007129	0.00019294
0	0	0	0
0	0	0	0
0	0	0	0
0	0	0	0
-0.549996	0.6	0.0000692	0.00017157
0	0	0	0
0	0	0	0
0	0	0	0
0	0	0	0
-0.16991	-0.3	0.00004975	0.00006597
0	0	0	0
0	0	0	0
0	0	0	0
0	0	0	0
0.579826	-0.5	0.00008445	0.00016159
0	0	0	0
0	0	0	0
0	0	0	0
0	0	0	0
-0.290023	-0.8	0.00011953	0.00012918
0	0	0	0
0	0	0	0
0	0	0	0
0	0	0	0
0.010074	0.1	0.00009126	0.00019095
0	0	0	0
0	0	0	0
0	0	0	0
0	0	0	0
-1.639586	1.4	0.0000571	0.00015027
0	0	0	0
0	0	0	0
0	0	0	0
0	0	0	0
-1.120358	-2.7	0.00018428	-0.00012556
0	0	0	0
0	0	0	0
0	0	0	0
0	0	0	0
-1.209874	4.3	-0.00001723	0.00019977
0	0	0	0
0	0	0	0
0	0	0	0
0	0	0	0
-1.3874	2.8	0.00002962	0.00013048
0	0	0	0
0	0	0	0
0	0	0	0
0	0	0	0
0.747981	7.9	-0.00004108	0.00026308
0	0	0	0
0	0	0	0
0	0	0	0
0	0	0	0
-1.059141	-1.8	-0.0000689	0.00029458
0	0	0	0
0	0	0	0
0	0	0	0
0	0	0	0
-0.441301	-16	0.00003936	0.00005385
0	0	0	0
0	0	0	0
0	0	0	0
0	0	0	0
-0.880312	-3	0.00008296	0.00006181
0	0	0	0
0	0	0	0
0	0	0	0
0	0	0	0
-0.590086	-1.8	0.00000884	0.00006696
0	0	0	0
0	0	0	0
0	0	0	0
0	0	0	0
-1.4886427	-24.8	0.00005571	-0.00013374
0	0	0	0
0	0	0	0
0	0	0	0
0	0	0	0
0.4112637	-4.7	0.00005075	0.00001056
0	0	0	0
0	0	0	0
0	0	0	0
0	0	0	0
0.370135	1	0.00008693	-0.00000185
0	0	0	0
0	0	0	0
0	0	0	0
0	0	0	0
0.299653	-0.9	0.00007448	0.00000997
0	0	0	0
0	0	0	0
0	0	0	0
0	0	0	0
-0.3322523	2.7	0.00007505	0.00004003
0	0	0	0
0	0	0	0
0	0	0	0
0	0	0	0
-1.5901567	13.3	0.00001651	0.00005144
0	0	0	0
0	0	0	0
0	0	0	0
0	0	0	0
-1.589958	-3	0.00000932	-0.00007273
0	0	0	0
0	0	0	0
0	0	0	0
0	0	0	0
-0.3484207	16.4	0.00001919	0.00005422
0	0	0	0
0	0	0	0
0	0	0	0
0	0	0	0
-0.3415117	18.9	0.00003253	0.00004651
0	0	0	0
0	0	0	0
0	0	0	0
0	0	0	0
-0.1260309	11.6	-0.0000009	0.00008664
0	0	0	0
0	0	0	0
0	0	0	0
0	0	0	0
1.2775306	2.1	0.00000732	0.0001174
0	0	0	0
0	0	0	0
0	0	0	0
0	0	0	0
0.8189183	6.1	-0.00001879	0.00013433
0	0	0	0
0	0	0	0
0	0	0	0
0	0	0	0
0.1015467	4.1	0.00000999	0.00018754
0	0	0	0
0	0	0	0
0	0	0	0
0	0	0	0
-0.0591206	0.7	-0.00001256	0.0001254
0	0	0	0
0	0	0	0
0	0	0	0
0	0	0	0
0.0970463	13	-0.00005033	0.00014139
0	0	0	0
0	0	0	0
0	0	0	0
0	0	0	0
0.070287	45.7	-0.00016037	0.00001777
0	0	0	0
0	0	0	0
0	0	0	0
0	0	0	0
-1.4902765	-6.2	-0.00002446	0.000041
0	0	0	0
0	0	0	0
0	0	0	0
0	0	0	0
-0.0294958	-4.7	-0.00002591	0.00004187
0	0	0	0
0	0	0	0
0	0	0	0
0	0	0	0
0.1298533	-4.2	-0.00002238	0.0000542
0	0	0	0
0	0	0	0
0	0	0	0
0	0	0	0
0.2596416	-21.7	0.00000642	0.00007812
0	0	0	0
0	0	0	0
0	0	0	0
0	0	0	0
0.2120891	-5.7	-0.00001198	0.00007325
0	0	0	0
0	0	0	0
0	0	0	0
0	0	0	0
2.1103173	-31.5	0.00013693	0.00011644
0	0	0	0
0	0	0	0
0	0	0	0
0	0	0	0
1.178052	-4.4	0.0000385	0.00012872
0	0	0	0
0	0	0	0
0	0	0	0
0	0	0	0
0.719538	-2.7	0.00005133	0.00011979
0	0	0	0
0	0	0	0
0	0	0	0
0	0	0	0
0.420014	0.6	0.00003978	0.00014057
0	0	0	0
0	0	0	0
0	0	0	0
0	0	0	0
0.400023	-2.6	0.00008784	0.00011544
0	0	0	0
0	0	0	0
0	0	0	0
0	0	0	0
0.820847	-0.5	0.00002835	0.00014014
0	0	0	0
0	0	0	0
0	0	0	0
0	0	0	0
0.649264	-0.6	0.00004646	0.00015709
0	0	0	0
0	0	0	0
0	0	0	0
0	0	0	0
0.0801185	-1.4	0.00007916	0.00012678
0	0	0	0
0	0	0	0
0	0	0	0
0	0	0	0
-2.089941	-2.9	0.00017813	-0.00001082
0	0	0	0
0	0	0	0
0	0	0	0
0	0	0	0
1.7097075	-0.4	0.00010332	0.00015594
0	0	0	0
0	0	0	0
0	0	0	0
0	0	0	0
0.790064	3.4	0.00005937	0.00017241
0	0	0	0
0	0	0	0
0	0	0	0
0	0	0	0
-0.089954	-1	0.00000379	0.0001058
0	0	0	0
0	0	0	0
0	0	0	0
0	0	0	0
-0.387027	-2.9	0.00009381	0.0000707
0	0	0	0
0	0	0	0
0	0	0	0
0	0	0	0
0.087304	1	0.00000299	0.00015899
0	0	0	0
0	0	0	0
0	0	0	0
0	0	0	0
-0.289898	3.7	0.00005076	0.00015392
0	0	0	0
0	0	0	0
0	0	0	0
0	0	0	0
-0.000419	0	0.00004755	0.0001301
0	0	0	0
0	0	0	0
0	0	0	0
0	0	0	0
-1.00942	3.5	0.00004833	0.00011007
0	0	0	0
0	0	0	0
0	0	0	0
0	0	0	0
0.02943	-2.9	0.0000955	0.00006962
0	0	0	0
0	0	0	0
0	0	0	0
0	0	0	0
-1.809145	-0.2	0.00001472	0.00011663
0	0	0	0
0	0	0	0
0	0	0	0
0	0	0	0
0.689287	-1.2	0.00000906	0.00013908
0	0	0	0
0	0	0	0
0	0	0	0
0	0	0	0
0.439867	-1.9	0.00006586	0.00009768
0	0	0	0
0	0	0	0
0	0	0	0
0	0	0	0
-0.710128	2.9	-0.00000024	0.0001234
0	0	0	0
0	0	0	0
0	0	0	0
0	0	0	0
0.270341	-1.6	0.00005798	0.0001022
0	0	0	0
0	0	0	0
0	0	0	0
0	0	0	0
-0.678477	7.8	-0.00006013	0.00019065
0	0	0	0
0	0	0	0
0	0	0	0
0	0	0	0
-1.481691	5.8	-0.00001243	0.0000254
0	0	0	0
0	0	0	0
0	0	0	0
0	0	0	0
-1.3082665	47.5	-0.00034073	0.00018878
0	0	0	0
0	0	0	0
0	0	0	0
0	0	0	0
-0.6411362	5.2	0.00000104	-0.0000618
0	0	0	0
0	0	0	0
0	0	0	0
0	0	0	0
-1.2483273	1.4	-0.00002732	0.00003169
0	0	0	0
0	0	0	0
0	0	0	0
0	0	0	0
-0.79894	14.2	0.00000645	-0.00008187
0	0	0	0
0	0	0	0
0	0	0	0
0	0	0	0
-1.4334749	-10.8	0.00010033	-0.00012691
0	0	0	0
0	0	0	0
0	0	0	0
0	0	0	0
0.4899939	0.1	-0.00020096	0.00033298
0	0	0	0
0	0	0	0
0	0	0	0
0	0	0	0
-0.3987122	9.3	0.00000751	-0.00003166
0	0	0	0
0	0	0	0
0	0	0	0
0	0	0	0
0	0	0	0
1.6323454	156	0.00019667	-0.00040185
0	0	0	0
0	0	0	0
0	0	0	0
0	0	0	0
0	0	0	0
0.6463931	1.2	0.00000894	-0.00003708
0	0	0	0
0	0	0	0
0	0	0	0
0	0	0	0
0	0	0	0
-1.5972264	6.4	0.00001748	-0.00002617
0	0	0	0
0	0	0	0
0	0	0	0
0	0	0	0
0	0	0	0
0	0	0	0
0.1071781	-25.9	-0.00001272	-0.00006773
0	0	0	0
0	0	0	0
0	0	0	0
0	0	0	0
0	0	0	0
0	0	0	0
1.686631	-3.1	0.00000212	-0.00007802
0	0	0	0
0	0	0	0
0	0	0	0
0	0	0	0
0	0	0	0
0	0	0	0
-0.198475	8.8	0.00002285	-0.00006588
0	0	0	0
0	0	0	0
0	0	0	0
0	0	0	0
0	0	0	0
0	0	0	0
0.0724246	8.4	0.00002593	-0.00005838
0	0	0	0
0	0	0	0
0	0	0	0
0	0	0	0
0	0	0	0
0	0	0	0
0.0494194	11.2	0.00002928	-0.00004268
0	0	0	0
0	0	0	0
0	0	0	0
0	0	0	0
0	0	0	0
0	0	0	0
0.110411	7.9	0.00003839	-0.00003892
0	0	0	0
0	0	0	0
0	0	0	0
0	0	0	0
0	0	0	0
0	0	0	0
-0.1511324	7.9	0.00004299	-0.00001545
0	0	0	0
0	0	0	0
0	0	0	0
0	0	0	0
0	0	0	0
0	0	0	0
-0.111682	9.2	0.00004359	-0.00001397
0	0	0	0
0	0	0	0
0	0	0	0
0	0	0	0
0	0	0	0
0	0	0	0
0.3860021	8.9	0.0000518	-0.0000124
0	0	0	0
0	0	0	0
0	0	0	0
0	0	0	0
0	0	0	0
0	0	0	0
0.0064123	4.2	0.00005212	-0.00001343
0	0	0	0
0	0	0	0
0	0	0	0
0	0	0	0
0	0	0	0
0	0	0	0
-0.01	1.2	0.00004976	-0.00001099
0	0	0	0
0	0	0	0
0	0	0	0
0	0	0	0
0	0	0	0
0	0	0	0
0.040264	-3.3	0.00004717	-0.00001773
0	0	0	0
0	0	0	0
0	0	0	0
0	0	0	0
0	0	0	0
0	0	0	0
-0.0397305	-0.1	0.00004556	-0.00001858
0	0	0	0
0	0	0	0
0	0	0	0
0	0	0	0
0	0	0	0
0	0	0	0
0.0226512	2.1	0.00004469	-0.00001786
0	0	0	0
0	0	0	0
0	0	0	0
0	0	0	0
0	0	0	0
0	0	0	0
0.3668963	7.4	0.00009313	-0.0000072
0	0	0	0
0	0	0	0
0	0	0	0
0	0	0	0
0	0	0	0
0	0	0	0
-0.3393885	-2	0.00004502	-0.00002934
0	0	0	0
0	0	0	0
0	0	0	0
0	0	0	0
0	0	0	0
0	0	0	0
-0.0096025	-2.3	0.00004159	-0.00001894
0	0	0	0
0	0	0	0
0	0	0	0
0	0	0	0
0	0	0	0
0	0	0	0
0.3299255	-3.6	0.00005512	-0.00004253
0	0	0	0
0	0	0	0
0	0	0	0
0	0	0	0
0	0	0	0
0	0	0	0
4.5690575	-340.8	0.00049814	-0.00005523
0	0	0	0
0	0	0	0
0	0	0	0
0	0	0	0
0	0	0	0
0	0	0	0
-3.4800086	311.9	0.00256609	-0.00121382
0	0	0	0
0	0	0	0
0	0	0	0
0	0	0	0
0	0	0	0
0	0	0	0
-0.4696294	-0.8	-0.00002022	-0.00001128
0	0	0	0
0	0	0	0
0	0	0	0
0	0	0	0
0	0	0	0
0	0	0	0
-0.5501927	1.2	-0.00009322	0.00004211
0	0	0	0
0	0	0	0
0	0	0	0
0	0	0	0
0	0	0	0
0	0	0	0
-1.268292	6.6	-0.00016869	0.00022944
0	0	0	0
0	0	0	0
0	0	0	0
0	0	0	0
0	0	0	0
0	0	0	0
-0.4900593	11.8	-0.00000908	0.00005153
0	0	0	0
0	0	0	0
0	0	0	0
0	0	0	0
0	0	0	0
0	0	0	0
-0.1218367	-0.6	-0.0000023	0.00002674
0	0	0	0
0	0	0	0
0	0	0	0
0	0	0	0
0	0	0	0
0	0	0	0
-0.0100489	0.1	0.00002397	-0.00001842
0	0	0	0
0	0	0	0
0	0	0	0
0	0	0	0
0	0	0	0
0	0	0	0
0	0	0.00002392	-0.00001838
0	0	0	0
0	0	0	0
0	0	0	0
0	0	0	0
0	0	0	0
0	0	0	0
-0.7899942	-324.8	0.00060307	-0.00001267
0	0	0	0
0	0	0	0
0	0	0	0
0	0	0	0
0	0	0	0
0	0	0	0
-0.5900222	324.3	-0.00020975	-0.00012079
0	0	0	0
0	0	0	0
0	0	0	0
0	0	0	0
0	0	0	0
0	0	0	0
0.02	1.4	0.00010825	-0.00002244
0	0	0	0
0	0	0	0
0	0	0	0
0	0	0	0
0	0	0	0
0	0	0	0
0.0200292	-0.6	0.00004413	-0.00001144
0	0	0	0
0	0	0	0
0	0	0	0
0	0	0	0
0	0	0	0
0	0	0	0
0.2209032	27	0.00002838	0.00001291
0	0	0	0
0	0	0	0
0	0	0	0
0	0	0	0
0	0	0	0
0	0	0	0
0.6214391	-344	-0.00002341	-0.00000056
0	0	0	0
0	0	0	0
0	0	0	0
0	0	0	0
0	0	0	0
0	0	0	0
-0.1513507	-14.7	0.00001501	-0.00002126
0	0	0	0
0	0	0	0
0	0	0	0
0	0	0	0
0	0	0	0
0	0	0	0
0.1939165	338.8	0.0002094	-0.00007898
0	0	0	0
0	0	0	0
0	0	0	0
0	0	0	0
0	0	0	0
0	0	0	0
0.1069141	-13.6	-0.00000391	-0.00004544
0	0	0	0
0	0	0	0
0	0	0	0
0	0	0	0
0	0	0	0
0	0	0	0
0.0482213	-4.1	0.00000511	-0.00003895
0	0	0	0
0	0	0	0
0	0	0	0
0	0	0	0
0	0	0	0
0	0	0	0
0.039999	-0.1	0.00001586	-0.00002877
0	0	0	0
0	0	0	0
0	0	0	0
0	0	0	0
0	0	0	0
0	0	0	0
0.3601823	-4.6	0.00001124	-0.00004528
0	0	0	0
0	0	0	0
0	0	0	0
0	0	0	0
0	0	0	0
0	0	0	0
-0.0001905	-3.1	0.00001269	-0.00004504
0	0	0	0
0	0	0	0
0	0	0	0
0	0	0	0
0	0	0	0
0	0	0	0
0.0101898	14.2	0.00031541	0.00003432
0	0	0	0
0	0	0	0
0	0	0	0
0	0	0	0
0	0	0	0
0	0	0	0
-0.4602533	-31.1	0.00004918	-0.00002055
0	0	0	0
0	0	0	0
0	0	0	0
0	0	0	0
0	0	0	0
0	0	0	0
-0.018489	-12.1	0.00002857	-0.00003228
0	0	0	0
0	0	0	0
0	0	0	0
0	0	0	0
0	0	0	0
0	0	0	0
0.5290498	3	0.00002366	-0.00005153
0	0	0	0
0	0	0	0
0	0	0	0
0	0	0	0
0	0	0	0
0	0	0	0
0.1199796	-4.4	0.00001713	-0.00005743
0	0	0	0
0	0	0	0
0	0	0	0
0	0	0	0
0	0	0	0
0	0	0	0
-0.1086621	-2.5	0.00003088	-0.00004202
0	0	0	0
0	0	0	0
0	0	0	0
0	0	0	0
0	0	0	0
0	0	0	0
-0.0810981	-2.1	0.00003052	-0.00003923
0	0	0	0
0	0	0	0
0	0	0	0
0	0	0	0
0	0	0	0
0	0	0	0
-0.0405223	-1.1	0.00018621	-0.00000902
0	0	0	0
0	0	0	0
0	0	0	0
0	0	0	0
0	0	0	0
0	0	0	0
-0.0465715	0.6	0.00001601	-0.00003524
0	0	0	0
0	0	0	0
0	0	0	0
0	0	0	0
0	0	0	0
0	0	0	0
0.0486352	-1.1	0.00001906	-0.00003468
0	0	0	0
0	0	0	0
0	0	0	0
0	0	0	0
0	0	0	0
0	0	0	0
-0.0099926	0.6	0.00001944	-0.0000348
0	0	0	0
0	0	0	0
0	0	0	0
0	0	0	0
0	0	0	0
0	0	0	0
0.1480568	0.4	0.00002394	-0.00004021
0	0	0	0
0	0	0	0
0	0	0	0
0	0	0	0
0	0	0	0
0	0	0	0
0.7814047	0.4	0.00000036	-0.0000447
0	0	0	0
0	0	0	0
0	0	0	0
0	0	0	0
0	0	0	0
0	0	0	0
0.1283178	0.8	0.00000708	-0.00005125
0	0	0	0
0	0	0	0
0	0	0	0
0	0	0	0
0	0	0	0
0	0	0	0
0.1899033	0.4	0.00001554	-0.00005917
0	0	0	0
0	0	0	0
0	0	0	0
0	0	0	0
0	0	0	0
0	0	0	0
-0.1299046	1.6	0.00001702	-0.00005551
0	0	0	0
0	0	0	0
0	0	0	0
0	0	0	0
0	0	0	0
0	0	0	0
-0.2096573	2.5	0.00002271	-0.00005604
0	0	0	0
0	0	0	0
0	0	0	0
0	0	0	0
0	0	0	0
0	0	0	0
0.5795503	2.9	0.00003222	-0.0000707
0	0	0	0
0	0	0	0
0	0	0	0
0	0	0	0
0	0	0	0
0	0	0	0
-0.179443	2.5	0.00002227	-0.00008659
0	0	0	0
0	0	0	0
0	0	0	0
0	0	0	0
0	0	0	0
0	0	0	0
-0.5280256	3.9	0.00003177	-0.0000613
0	0	0	0
0	0	0	0
0	0	0	0
0	0	0	0
0	0	0	0
0	0	0	0
0.5451266	4.6	0.00002682	-0.00007323
0	0	0	0
0	0	0	0
0	0	0	0
0	0	0	0
0	0	0	0
0	0	0	0
0.0342406	5.5	0.00002878	-0.00007496
0	0	0	0
0	0	0	0
0	0	0	0
0	0	0	0
0	0	0	0
0	0	0	0
0.0325634	7.1	0.00004012	-0.00006177
0	0	0	0
0	0	0	0
0	0	0	0
0	0	0	0
0	0	0	0
0	0	0	0
0.236597	8.5	0.00004692	-0.00005163
0	0	0	0
0	0	0	0
0	0	0	0
0	0	0	0
0	0	0	0
0	0	0	0
-0.4110476	11.4	0.00004505	-0.0000189
0	0	0	0
0	0	0	0
0	0	0	0
0	0	0	0
0	0	0	0
0	0	0	0
0.2401646	6.1	0.00005247	-0.00001739
0	0	0	0
0	0	0	0
0	0	0	0
0	0	0	0
0	0	0	0
0	0	0	0
-0.0073575	1.9	0.00005596	-0.00002167
0	0	0	0
0	0	0	0
0	0	0	0
0	0	0	0
0	0	0	0
0	0	0	0
1.4271899	-3.4	0.00025051	-0.00009165
0	0	0	0
0	0	0	0
0	0	0	0
0	0	0	0
0	0	0	0
0	0	0	0
1.6302286	-333.2	-0.00008139	0.00031674
0	0	0	0
0	0	0	0
0	0	0	0
0	0	0	0
0	0	0	0
0	0	0	0
0.019999	0.4	0.00012807	0.00002704
0	0	0	0
0	0	0	0
0	0	0	0
0	0	0	0
0	0	0	0
0	0	0	0
-0.000131	0	0.0000685	0.00000299
0	0	0	0
0	0	0	0
0	0	0	0
0	0	0	0
0	0	0	0
0	0	0	0
-0.0100457	0	0.00006844	0.00000297
0	0	0	0
0	0	0	0
0	0	0	0
0	0	0	0
0	0	0	0
0	0	0	0

