6.8175144,81.4,45.40929396,28.01195407
6.2705107,81.8,45.40930984,28.01203712
5.914871,74.9,45.40932832,28.01210618
6.1863394,73.4,45.40934632,28.01217721
6.6633096,74.7,45.4093603,28.01226771
6.6633096,74.7,45.4093603,28.01226771
9.182881,80.4,45.40936686,28.01242598
9.182881,80.4,45.40936686,28.01242598
11.172368,74.7,45.40941325,28.01259582
11.172368,74.7,45.40941325,28.01259582
10.73477,70.5,45.40945346,28.01271377
10.73477,70.5,45.40945346,28.01271377
10.53517,68.9,45.40948765,28.01283115
10.53517,68.9,45.40948765,28.01283115
10.4400425,69.4,45.40951774,28.01297099
10.4400425,69.4,45.40951774,28.01297099
9.162887,73.7,45.40950192,28.01305902
9.162887,73.7,45.40950192,28.01305902
9.154594,75.6,45.40951781,28.01316798
9.154594,75.6,45.40951781,28.01316798
8.6213045,79.5,45.40949754,28.0132655
8.6213045,79.5,45.40949754,28.0132655
8.770006,79.3,45.40951227,28.01338172
8.770006,79.3,45.40951227,28.01338172
8.77,79.3,45.40952686,28.01349178
8.77,79.3,45.40952686,28.01349178
9.260777,77.9,45.40955519,28.01361313
9.260777,77.9,45.40955519,28.01361313
9.260136,77.9,45.4095726,28.01372871
9.260136,77.9,45.4095726,28.01372871
9.260021,77.9,45.40958996,28.01384417
9.260021,77.9,45.40958996,28.01384417
2.9400172,18.0,45.4120807,28.01511031
2.9400172,18.0,45.4120807,28.01511031
2.9400172,18.0,45.4120807,28.01511031
2.9400172,18.0,45.4120807,28.01511031
2.96,17.3,45.41210616,28.01512141
2.96,17.3,45.41210616,28.01512141
2.96,17.3,45.41210616,28.01512141
2.96,17.3,45.41210616,28.01512141
2.98,16.5,45.41213199,28.01513198
2.98,16.5,45.41213199,28.01513198
2.98,16.5,45.41213199,28.01513198
2.98,16.5,45.41213199,28.01513198
2.98,16.4,45.41215772,28.01514274
2.98,16.4,45.41215772,28.01514274
2.98,16.4,45.41215772,28.01514274
2.98,16.4,45.41215772,28.01514274
2.9900167,16.0,45.41218373,28.01515306
2.9900167,16.0,45.41218373,28.01515306
2.9900167,16.0,45.41218373,28.01515306
2.9900167,16.0,45.41218373,28.01515306
2.970017,13.9,45.41220885,28.01516571
2.970017,13.9,45.41220885,28.01516571
2.970017,13.9,45.41220885,28.01516571
2.970017,13.9,45.41220885,28.01516571
11.302548,53.8,45.41510008,28.02006325
11.302548,53.8,45.41510008,28.02006325
11.302548,53.8,45.41510008,28.02006325
11.302548,53.8,45.41510008,28.02006325
11.302548,53.8,45.41510008,28.02006325
11.310358,52.5,45.41526562,28.02027192
11.310358,52.5,45.41526562,28.02027192
11.310358,52.5,45.41526562,28.02027192
11.310358,52.5,45.41526562,28.02027192
11.310358,52.5,45.41526562,28.02027192
11.740834,53.7,45.41531768,28.02038443
11.740834,53.7,45.41531768,28.02038443
11.740834,53.7,45.41531768,28.02038443
11.740834,53.7,45.41531768,28.02038443
11.740834,53.7,45.41531768,28.02038443
12.770768,61.8,45.41528314,28.02065788
12.770768,61.8,45.41528314,28.02065788
12.770768,61.8,45.41528314,28.02065788
12.770768,61.8,45.41528314,28.02065788
12.770768,61.8,45.41528314,28.02065788
13.161371,60.9,45.41530103,28.02084563
13.161371,60.9,45.41530103,28.02084563
13.161371,60.9,45.41530103,28.02084563
13.161371,60.9,45.41530103,28.02084563
13.161371,60.9,45.41530103,28.02084563
12.8903885,58.3,45.41535974,28.02098536
12.8903885,58.3,45.41535974,28.02098536
12.8903885,58.3,45.41535974,28.02098536
12.8903885,58.3,45.41535974,28.02098536
12.8903885,58.3,45.41535974,28.02098536
12.840471,56.2,45.41543895,28.0211224
12.840471,56.2,45.41543895,28.0211224
12.840471,56.2,45.41543895,28.0211224
12.840471,56.2,45.41543895,28.0211224
12.840471,56.2,45.41543895,28.0211224
12.9005575,56.2,45.41548339,28.02125516
12.9005575,56.2,45.41548339,28.02125516
12.9005575,56.2,45.41548339,28.02125516
12.9005575,56.2,45.41548339,28.02125516
12.9005575,56.2,45.41548339,28.02125516
12.772647,57.9,45.41554065,28.02142396
12.772647,57.9,45.41554065,28.02142396
12.772647,57.9,45.41554065,28.02142396
12.772647,57.9,45.41554065,28.02142396
12.772647,57.9,45.41554065,28.02142396
12.611284,55.5,45.41560749,28.02155099
12.611284,55.5,45.41560749,28.02155099
12.611284,55.5,45.41560749,28.02155099
12.611284,55.5,45.41560749,28.02155099
12.611284,55.5,45.41560749,28.02155099
12.910034,54.6,45.41568463,28.02168734
12.910034,54.6,45.41568463,28.02168734
12.910034,54.6,45.41568463,28.02168734
12.910034,54.6,45.41568463,28.02168734
12.910034,54.6,45.41568463,28.02168734
12.660193,54.2,45.41574612,28.02180865
12.660193,54.2,45.41574612,28.02180865
12.660193,54.2,45.41574612,28.02180865
12.660193,54.2,45.41574612,28.02180865
12.660193,54.2,45.41574612,28.02180865
12.46116,52.2,45.41582878,28.02191064
12.46116,52.2,45.41582878,28.02191064
12.46116,52.2,45.41582878,28.02191064
12.46116,52.2,45.41582878,28.02191064
12.46116,52.2,45.41582878,28.02191064
12.43103,51.4,45.41589647,28.02203552
12.43103,51.4,45.41589647,28.02203552
12.43103,51.4,45.41589647,28.02203552
12.43103,51.4,45.41589647,28.02203552
12.43103,51.4,45.41589647,28.02203552
12.0006,52.6,45.41597566,28.02214535
12.0006,52.6,45.41597566,28.02214535
12.0006,52.6,45.41597566,28.02214535
12.0006,52.6,45.41597566,28.02214535
12.0006,52.6,45.41597566,28.02214535
9.5117035,56.9,45.41598756,28.02222109
9.5117035,56.9,45.41598756,28.02222109
9.5117035,56.9,45.41598756,28.02222109
9.5117035,56.9,45.41598756,28.02222109
9.5117035,56.9,45.41598756,28.02222109
8.540006,57.0,45.41602898,28.02231095
8.540006,57.0,45.41602898,28.02231095
8.540006,57.0,45.41602898,28.02231095
8.540006,57.0,45.41602898,28.02231095
8.540006,57.0,45.41602898,28.02231095
8.42152,56.5,45.416071,28.02239687
8.42152,56.5,45.416071,28.02239687
8.42152,56.5,45.416071,28.02239687
8.42152,56.5,45.416071,28.02239687
8.42152,56.5,45.416071,28.02239687
8.010625,54.7,45.41609731,28.02247352
8.010625,54.7,45.41609731,28.02247352
8.010625,54.7,45.41609731,28.02247352
8.010625,54.7,45.41609731,28.02247352
8.010625,54.7,45.41609731,28.02247352
8.28,57.4,45.41613523,28.02258128
8.28,57.4,45.41613523,28.02258128
8.28,57.4,45.41613523,28.02258128
8.28,57.4,45.41613523,28.02258128
8.28,57.4,45.41613523,28.02258128
8.820051,54.3,45.41620094,28.02267498
8.820051,54.3,45.41620094,28.02267498
8.820051,54.3,45.41620094,28.02267498
8.820051,54.3,45.41620094,28.02267498
8.820051,54.3,45.41620094,28.02267498
9.07,50.7,45.41626178,28.02275944
9.07,50.7,45.41626178,28.02275944
9.07,50.7,45.41626178,28.02275944
9.07,50.7,45.41626178,28.02275944
9.07,50.7,45.41626178,28.02275944
9.580131,51.8,45.41631117,28.02285185
9.580131,51.8,45.41631117,28.02285185
9.580131,51.8,45.41631117,28.02285185
9.580131,51.8,45.41631117,28.02285185
9.580131,51.8,45.41631117,28.02285185
9.760046,54.0,45.41635758,28.02295732
9.760046,54.0,45.41635758,28.02295732
9.760046,54.0,45.41635758,28.02295732
9.760046,54.0,45.41635758,28.02295732
9.760046,54.0,45.41635758,28.02295732
9.560257,53.4,45.41641088,28.02307275
9.560257,53.4,45.41641088,28.02307275
9.560257,53.4,45.41641088,28.02307275
9.560257,53.4,45.41641088,28.02307275
9.560257,53.4,45.41641088,28.02307275
9.110197,52.2,45.41646402,28.0231709
9.110197,52.2,45.41646402,28.0231709
9.110197,52.2,45.41646402,28.0231709
9.110197,52.2,45.41646402,28.0231709
9.110197,52.2,45.41646402,28.0231709
8.512121,52.3,45.41652084,28.02324475
8.512121,52.3,45.41652084,28.02324475
8.512121,52.3,45.41652084,28.02324475
8.512121,52.3,45.41652084,28.02324475
8.512121,52.3,45.41652084,28.02324475
8.124162,55.3,45.41654054,28.02334251
8.124162,55.3,45.41654054,28.02334251
8.124162,55.3,45.41654054,28.02334251
8.124162,55.3,45.41654054,28.02334251
8.124162,55.3,45.41654054,28.02334251
7.2000275,57.8,45.41655838,28.0234177
7.2000275,57.8,45.41655838,28.0234177
7.2000275,57.8,45.41655838,28.0234177
7.2000275,57.8,45.41655838,28.0234177
7.2000275,57.8,45.41655838,28.0234177
5.3500843,77.3,45.41654812,28.02347948
5.3500843,77.3,45.41654812,28.02347948
5.3500843,77.3,45.41654812,28.02347948
5.3500843,77.3,45.41654812,28.02347948
5.3500843,77.3,45.41654812,28.02347948
5.1304774,102.5,45.41650602,28.0235677
5.1304774,102.5,45.41650602,28.0235677
5.1304774,102.5,45.41650602,28.0235677
5.1304774,102.5,45.41650602,28.0235677
5.1304774,102.5,45.41650602,28.0235677
4.951222,118.0,45.41647203,28.02363782
4.951222,118.0,45.41647203,28.02363782
4.951222,118.0,45.41647203,28.02363782
4.951222,118.0,45.41647203,28.02363782
4.951222,118.0,45.41647203,28.02363782
4.5053744,135.5,45.41643405,28.02365333
4.5053744,135.5,45.41643405,28.02365333
4.5053744,135.5,45.41643405,28.02365333
4.5053744,135.5,45.41643405,28.02365333
4.5053744,135.5,45.41643405,28.02365333
5.60158,139.5,45.41636756,28.02372374
5.60158,139.5,45.41636756,28.02372374
5.60158,139.5,45.41636756,28.02372374
5.60158,139.5,45.41636756,28.02372374
5.60158,139.5,45.41636756,28.02372374
6.890878,152.3,45.41628761,28.02376991
6.890878,152.3,45.41628761,28.02376991
6.890878,152.3,45.41628761,28.02376991
6.890878,152.3,45.41628761,28.02376991
6.890878,152.3,45.41628761,28.02376991
8.79,165.7,45.41616807,28.02378813
8.79,165.7,45.41616807,28.02378813
8.79,165.7,45.41616807,28.02378813
8.79,165.7,45.41616807,28.02378813
8.79,165.7,45.41616807,28.02378813
10.04002,163.7,45.41606655,28.02383856
10.04002,163.7,45.41606655,28.02383856
10.04002,163.7,45.41606655,28.02383856
10.04002,163.7,45.41606655,28.02383856
10.04002,163.7,45.41606655,28.02383856
10.930458,161.7,45.41596519,28.02388423
10.930458,161.7,45.41596519,28.02388423
10.930458,161.7,45.41596519,28.02388423
10.930458,161.7,45.41596519,28.02388423
10.930458,161.7,45.41596519,28.02388423
10.720075,162.4,45.41588373,28.02390717
10.720075,162.4,45.41588373,28.02390717
10.720075,162.4,45.41588373,28.02390717
10.720075,162.4,45.41588373,28.02390717
10.720075,162.4,45.41588373,28.02390717
10.533461,162.3,45.41581389,28.02395237
10.533461,162.3,45.41581389,28.02395237
10.533461,162.3,45.41581389,28.02395237
10.533461,162.3,45.41581389,28.02395237
10.533461,162.3,45.41581389,28.02395237
9.911458,162.6,45.41573148,28.02399735
9.911458,162.6,45.41573148,28.02399735
9.911458,162.6,45.41573148,28.02399735
9.911458,162.6,45.41573148,28.02399735
9.911458,162.6,45.41573148,28.02399735
9.60013,162.4,45.4156581,28.0240139
9.60013,162.4,45.4156581,28.0240139
9.60013,162.4,45.4156581,28.0240139
9.60013,162.4,45.4156581,28.0240139
9.60013,162.4,45.4156581,28.0240139
10.005444,166.1,45.41556304,28.02404845
10.005444,166.1,45.41556304,28.02404845
10.005444,166.1,45.41556304,28.02404845
10.005444,166.1,45.41556304,28.02404845
10.005444,166.1,45.41556304,28.02404845
9.726299,163.0,45.41547724,28.02408503
9.726299,163.0,45.41547724,28.02408503
9.726299,163.0,45.41547724,28.02408503
9.726299,163.0,45.41547724,28.02408503
9.726299,163.0,45.41547724,28.02408503
9.742264,162.0,45.41538936,28.02412423
9.742264,162.0,45.41538936,28.02412423
9.742264,162.0,45.41538936,28.02412423
9.742264,162.0,45.41538936,28.02412423
9.742264,162.0,45.41538936,28.02412423
9.870324,161.6,45.41530475,28.02416532
9.870324,161.6,45.41530475,28.02416532
9.870324,161.6,45.41530475,28.02416532
9.870324,161.6,45.41530475,28.02416532
9.870324,161.6,45.41530475,28.02416532
10.521374,159.3,45.41521742,28.02421101
10.521374,159.3,45.41521742,28.02421101
10.521374,159.3,45.41521742,28.02421101
10.521374,159.3,45.41521742,28.02421101
10.521374,159.3,45.41521742,28.02421101
9.57013,161.7,45.41516134,28.02422522
9.57013,161.7,45.41516134,28.02422522
9.57013,161.7,45.41516134,28.02422522
9.57013,161.7,45.41516134,28.02422522
9.57013,161.7,45.41516134,28.02422522
9.561339,161.7,45.41507242,28.02427359
9.561339,161.7,45.41507242,28.02427359
9.561339,161.7,45.41507242,28.02427359
9.561339,161.7,45.41507242,28.02427359
9.561339,161.7,45.41507242,28.02427359
8.530475,161.8,45.41501348,28.02430875
8.530475,161.8,45.41501348,28.02430875
8.530475,161.8,45.41501348,28.02430875
8.530475,161.8,45.41501348,28.02430875
8.530475,161.8,45.41501348,28.02430875
7.8401594,160.0,45.41494885,28.02433958
7.8401594,160.0,45.41494885,28.02433958
7.8401594,160.0,45.41494885,28.02433958
7.8401594,160.0,45.41494885,28.02433958
7.8401594,160.0,45.41494885,28.02433958
7.3902435,157.2,45.41489259,28.02437328
7.3902435,157.2,45.41489259,28.02437328
7.3902435,157.2,45.41489259,28.02437328
7.3902435,157.2,45.41489259,28.02437328
7.3902435,157.2,45.41489259,28.02437328
4.8300414,159.5,45.41483706,28.02437721
4.8300414,159.5,45.41483706,28.02437721
4.8300414,159.5,45.41483706,28.02437721
4.8300414,159.5,45.41483706,28.02437721
4.8300414,159.5,45.41483706,28.02437721
4.72,158.9,45.41478789,28.02440738
4.72,158.9,45.41478789,28.02440738
4.72,158.9,45.41478789,28.02440738
4.72,158.9,45.41478789,28.02440738
4.72,158.9,45.41478789,28.02440738
3.6606693,158.2,45.41475424,28.02443127
3.6606693,158.2,45.41475424,28.02443127
3.6606693,158.2,45.41475424,28.02443127
3.6606693,158.2,45.41475424,28.02443127
3.6606693,158.2,45.41475424,28.02443127
3.8,155.6,45.4147226,28.02445242
3.8,155.6,45.4147226,28.02445242
3.8,155.6,45.4147226,28.02445242
3.8,155.6,45.4147226,28.02445242
3.8,155.6,45.4147226,28.02445242
3.7313402,156.9,45.4146912,28.02447925
3.7313402,156.9,45.4146912,28.02447925
3.7313402,156.9,45.4146912,28.02447925
3.7313402,156.9,45.4146912,28.02447925
3.7313402,156.9,45.4146912,28.02447925
3.920115,151.0,45.41465648,28.02450801
3.920115,151.0,45.41465648,28.02450801
3.920115,151.0,45.41465648,28.02450801
3.920115,151.0,45.41465648,28.02450801
3.920115,151.0,45.41465648,28.02450801
4.06,150.4,45.41462048,28.02453891
4.06,150.4,45.41462048,28.02453891
4.06,150.4,45.41462048,28.02453891
4.06,150.4,45.41462048,28.02453891
4.06,150.4,45.41462048,28.02453891
3.9900126,151.2,45.41459008,28.02456904
3.9900126,151.2,45.41459008,28.02456904
3.9900126,151.2,45.41459008,28.02456904
3.9900126,151.2,45.41459008,28.02456904
3.9900126,151.2,45.41459008,28.02456904
4.3602867,147.6,45.41454211,28.02460732
4.3602867,147.6,45.41454211,28.02460732
4.3602867,147.6,45.41454211,28.02460732
4.3602867,147.6,45.41454211,28.02460732
4.3602867,147.6,45.41454211,28.02460732
4.2814136,142.1,45.41451931,28.02464473
4.2814136,142.1,45.41451931,28.02464473
4.2814136,142.1,45.41451931,28.02464473
4.2814136,142.1,45.41451931,28.02464473
4.2814136,142.1,45.41451931,28.02464473
4.3200464,141.5,45.414483,28.02468194
4.3200464,141.5,45.414483,28.02468194
4.3200464,141.5,45.414483,28.02468194
4.3200464,141.5,45.414483,28.02468194
4.3200464,141.5,45.414483,28.02468194
5.1713924,145.4,45.41440402,28.02474866
5.1713924,145.4,45.41440402,28.02474866
5.1713924,145.4,45.41440402,28.02474866
5.1713924,145.4,45.41440402,28.02474866
5.1713924,145.4,45.41440402,28.02474866
3.8425512,125.1,45.41439438,28.02479939
3.8425512,125.1,45.41439438,28.02479939
3.8425512,125.1,45.41439438,28.02479939
3.8425512,125.1,45.41439438,28.02479939
3.8425512,125.1,45.41439438,28.02479939
4.26986,104.2,45.41438276,28.02486477
4.26986,104.2,45.41438276,28.02486477
4.26986,104.2,45.41438276,28.02486477
4.26986,104.2,45.41438276,28.02486477
4.26986,104.2,45.41438276,28.02486477
5.0239825,82.8,45.41440605,28.02492394
5.0239825,82.8,45.41440605,28.02492394
5.0239825,82.8,45.41440605,28.02492394
5.0239825,82.8,45.41440605,28.02492394
5.0239825,82.8,45.41440605,28.02492394
4.3516545,69.4,45.41443284,28.02496063
4.3516545,69.4,45.41443284,28.02496063
4.3516545,69.4,45.41443284,28.02496063
4.3516545,69.4,45.41443284,28.02496063
4.3516545,69.4,45.41443284,28.02496063
6.7301188,41.7,45.41451161,28.02500646
6.7301188,41.7,45.41451161,28.02500646
6.7301188,41.7,45.41451161,28.02500646
6.7301188,41.7,45.41451161,28.02500646
6.7301188,41.7,45.41451161,28.02500646
7.0600634,43.3,45.41455585,28.02507346
7.0600634,43.3,45.41455585,28.02507346
7.0600634,43.3,45.41455585,28.02507346
7.0600634,43.3,45.41455585,28.02507346
7.0600634,43.3,45.41455585,28.02507346
7.0904512,40.8,45.41460403,28.02513274
7.0904512,40.8,45.41460403,28.02513274
7.0904512,40.8,45.41460403,28.02513274
7.0904512,40.8,45.41460403,28.02513274
7.0904512,40.8,45.41460403,28.02513274
7.030114,40.5,45.41465184,28.02518757
7.030114,40.5,45.41465184,28.02518757
7.030114,40.5,45.41465184,28.02518757
7.030114,40.5,45.41465184,28.02518757
7.030114,40.5,45.41465184,28.02518757
7.4800067,43.6,45.41470456,28.02525931
7.4800067,43.6,45.41470456,28.02525931
7.4800067,43.6,45.41470456,28.02525931
7.4800067,43.6,45.41470456,28.02525931
7.4800067,43.6,45.41470456,28.02525931
8.050503,44.9,45.41475894,28.025344
8.050503,44.9,45.41475894,28.025344
8.050503,44.9,45.41475894,28.025344
8.050503,44.9,45.41475894,28.025344
8.050503,44.9,45.41475894,28.025344
9.030005,43.0,45.41484286,28.0254246
9.030005,43.0,45.41484286,28.0254246
9.030005,43.0,45.41484286,28.0254246
9.030005,43.0,45.41484286,28.0254246
9.030005,43.0,45.41484286,28.0254246
9.590256,42.3,45.41491513,28.02550896
9.590256,42.3,45.41491513,28.02550896
9.590256,42.3,45.41491513,28.02550896
9.590256,42.3,45.41491513,28.02550896
9.590256,42.3,45.41491513,28.02550896
9.811473,41.0,45.41498315,28.0255854
9.811473,41.0,45.41498315,28.0255854
9.811473,41.0,45.41498315,28.0255854
9.811473,41.0,45.41498315,28.0255854
9.811473,41.0,45.41498315,28.0255854
9.750513,38.5,45.41506797,28.02565301
9.750513,38.5,45.41506797,28.02565301
9.750513,38.5,45.41506797,28.02565301
9.750513,38.5,45.41506797,28.02565301
9.750513,38.5,45.41506797,28.02565301
9.51,37.9,45.41513147,28.02572449
9.51,37.9,45.41513147,28.02572449
9.51,37.9,45.41513147,28.02572449
9.51,37.9,45.41513147,28.02572449
9.51,37.9,45.41513147,28.02572449
9.4900055,37.6,45.41519981,28.02579706
9.4900055,37.6,45.41519981,28.02579706
9.4900055,37.6,45.41519981,28.02579706
9.4900055,37.6,45.41519981,28.02579706
9.4900055,37.6,45.41519981,28.02579706
9.200006,37.9,45.41525693,28.02586917
9.200006,37.9,45.41525693,28.02586917
9.200006,37.9,45.41525693,28.02586917
9.200006,37.9,45.41525693,28.02586917
9.200006,37.9,45.41525693,28.02586917
9.200006,37.9,45.41532201,28.02594154
9.200006,37.9,45.41532201,28.02594154
9.200006,37.9,45.41532201,28.02594154
9.200006,37.9,45.41532201,28.02594154
9.200006,37.9,45.41532201,28.02594154
8.960201,39.8,45.41536946,28.02603148
8.960201,39.8,45.41536946,28.02603148
8.960201,39.8,45.41536946,28.02603148
8.960201,39.8,45.41536946,28.02603148
8.960201,39.8,45.41536946,28.02603148
8.850006,40.0,45.41542419,28.0260933
8.850006,40.0,45.41542419,28.0260933
8.850006,40.0,45.41542419,28.0260933
8.850006,40.0,45.41542419,28.0260933
8.850006,40.0,45.41542419,28.0260933
8.690005,40.3,45.41548027,28.0261633
8.690005,40.3,45.41548027,28.0261633
8.690005,40.3,45.41548027,28.0261633
8.690005,40.3,45.41548027,28.0261633
8.690005,40.3,45.41548027,28.0261633
8.280005,48.8,45.41551365,28.02625022
8.280005,48.8,45.41551365,28.02625022
8.280005,48.8,45.41551365,28.02625022
8.280005,48.8,45.41551365,28.02625022
8.280005,48.8,45.41551365,28.02625022
8.420095,48.6,45.41556407,28.02632983
8.420095,48.6,45.41556407,28.02632983
8.420095,48.6,45.41556407,28.02632983
8.420095,48.6,45.41556407,28.02632983
8.420095,48.6,45.41556407,28.02632983
8.850006,50.4,45.41561259,28.0264675
8.850006,50.4,45.41561259,28.0264675
8.850006,50.4,45.41561259,28.0264675
8.850006,50.4,45.41561259,28.0264675
8.850006,50.4,45.41561259,28.0264675
10.380077,57.4,45.41566282,28.026724
10.380077,57.4,45.41566282,28.026724
10.380077,57.4,45.41566282,28.026724
10.380077,57.4,45.41566282,28.026724
10.380077,57.4,45.41566282,28.026724
11.980149,64.5,45.41570594,28.02693132
11.980149,64.5,45.41570594,28.02693132
11.980149,64.5,45.41570594,28.02693132
11.980149,64.5,45.41570594,28.02693132
11.980149,64.5,45.41570594,28.02693132
12.460678,64.1,45.41575578,28.02708117
12.460678,64.1,45.41575578,28.02708117
12.460678,64.1,45.41575578,28.02708117
12.460678,64.1,45.41575578,28.02708117
12.460678,64.1,45.41575578,28.02708117
13.673076,65.2,45.41581158,28.02728277
13.673076,65.2,45.41581158,28.02728277
13.673076,65.2,45.41581158,28.02728277
13.673076,65.2,45.41581158,28.02728277
13.673076,65.2,45.41581158,28.02728277
14.591237,60.3,45.41590668,28.0275467
14.591237,60.3,45.41590668,28.0275467
14.591237,60.3,45.41590668,28.0275467
14.591237,60.3,45.41590668,28.0275467
14.591237,60.3,45.41590668,28.0275467
14.290031,59.4,45.41597704,28.02769566
14.290031,59.4,45.41597704,28.02769566
14.290031,59.4,45.41597704,28.02769566
14.290031,59.4,45.41597704,28.02769566
14.290031,59.4,45.41597704,28.02769566
14.140057,59.3,45.41604014,28.02784717
14.140057,59.3,45.41604014,28.02784717
14.140057,59.3,45.41604014,28.02784717
14.140057,59.3,45.41604014,28.02784717
14.140057,59.3,45.41604014,28.02784717
12.460325,54.9,45.41609324,28.02794955
12.460325,54.9,45.41609324,28.02794955
12.460325,54.9,45.41609324,28.02794955
12.460325,54.9,45.41609324,28.02794955
12.460325,54.9,45.41609324,28.02794955
12.570063,54.2,45.41618999,28.02807629
12.570063,54.2,45.41618999,28.02807629
12.570063,54.2,45.41618999,28.02807629
12.570063,54.2,45.41618999,28.02807629
12.570063,54.2,45.41618999,28.02807629
12.61,55.3,45.41624092,28.02817089
12.61,55.3,45.41624092,28.02817089
12.61,55.3,45.41624092,28.02817089
12.61,55.3,45.41624092,28.02817089
12.61,55.3,45.41624092,28.02817089
13.441074,44.7,45.41640131,28.02821887
13.441074,44.7,45.41640131,28.02821887
13.441074,44.7,45.41640131,28.02821887
13.441074,44.7,45.41640131,28.02821887
13.441074,44.7,45.41640131,28.02821887
13.380183,45.3,45.41647214,28.02834597
13.380183,45.3,45.41647214,28.02834597
13.380183,45.3,45.41647214,28.02834597
13.380183,45.3,45.41647214,28.02834597
13.380183,45.3,45.41647214,28.02834597
13.530299,42.3,45.41644966,28.02838118
13.530299,42.3,45.41644966,28.02838118
13.530299,42.3,45.41644966,28.02838118
13.530299,42.3,45.41644966,28.02838118
13.530299,42.3,45.41644966,28.02838118
13.801047,37.6,45.41640048,28.02840173
13.801047,37.6,45.41640048,28.02840173
13.801047,37.6,45.41640048,28.02840173
13.801047,37.6,45.41640048,28.02840173
13.801047,37.6,45.41640048,28.02840173
14.290088,34.6,45.41654865,28.0285316
14.290088,34.6,45.41654865,28.0285316
14.290088,34.6,45.41654865,28.0285316
14.290088,34.6,45.41654865,28.0285316
14.290088,34.6,45.41654865,28.0285316
13.9700575,33.8,45.41663518,28.02859019
13.9700575,33.8,45.41663518,28.02859019
13.9700575,33.8,45.41663518,28.02859019
13.9700575,33.8,45.41663518,28.02859019
13.9700575,33.8,45.41663518,28.02859019
12.72,27.9,45.41670313,28.02858773
12.72,27.9,45.41670313,28.02858773
12.72,27.9,45.41670313,28.02858773
12.72,27.9,45.41670313,28.02858773
12.72,27.9,45.41670313,28.02858773
12.720141,27.7,45.41679936,28.0286624
12.720141,27.7,45.41679936,28.0286624
12.720141,27.7,45.41679936,28.0286624
12.720141,27.7,45.41679936,28.0286624
12.720141,27.7,45.41679936,28.0286624
13.970359,32.8,45.41692685,28.02889837
13.970359,32.8,45.41692685,28.02889837
13.970359,32.8,45.41692685,28.02889837
13.970359,32.8,45.41692685,28.02889837
13.970359,32.8,45.41692685,28.02889837
14.220507,32.6,45.41704706,28.02903474
14.220507,32.6,45.41704706,28.02903474
14.220507,32.6,45.41704706,28.02903474
14.220507,32.6,45.41704706,28.02903474
14.220507,32.6,45.41704706,28.02903474
14.930335,29.9,45.41723219,28.0291269
14.930335,29.9,45.41723219,28.0291269
14.930335,29.9,45.41723219,28.0291269
14.930335,29.9,45.41723219,28.0291269
14.930335,29.9,45.41723219,28.0291269
14.720031,29.0,45.41734972,28.0291853
14.720031,29.0,45.41734972,28.0291853
14.720031,29.0,45.41734972,28.0291853
14.720031,29.0,45.41734972,28.0291853
14.720031,29.0,45.41734972,28.0291853
13.440093,17.2,45.41745199,28.02906003
13.440093,17.2,45.41745199,28.02906003
13.440093,17.2,45.41745199,28.02906003
13.440093,17.2,45.41745199,28.02906003
13.440093,17.2,45.41745199,28.02906003
14.570013,7.0,45.41751624,28.02905525
14.570013,7.0,45.41751624,28.02905525
14.570013,7.0,45.41751624,28.02905525
14.570013,7.0,45.41751624,28.02905525
14.570013,7.0,45.41751624,28.02905525
14.780274,6.7,45.41765447,28.02904607
14.780274,6.7,45.41765447,28.02904607
14.780274,6.7,45.41765447,28.02904607
14.780274,6.7,45.41765447,28.02904607
14.780274,6.7,45.41765447,28.02904607
14.370031,7.0,45.41780365,28.02903597
14.370031,7.0,45.41780365,28.02903597
14.370031,7.0,45.41780365,28.02903597
14.370031,7.0,45.41780365,28.02903597
14.370031,7.0,45.41780365,28.02903597
10.220044,5.1,45.41742313,28.02885959
10.220044,5.1,45.41742313,28.02885959
10.220044,5.1,45.41742313,28.02885959
10.220044,5.1,45.41742313,28.02885959
10.220044,5.1,45.41742313,28.02885959
10.07,6.1,45.41749579,28.02887157
10.07,6.1,45.41749579,28.02887157
10.07,6.1,45.41749579,28.02887157
10.07,6.1,45.41749579,28.02887157
10.07,6.1,45.41749579,28.02887157
10.040045,6.3,45.41757459,28.02888435
10.040045,6.3,45.41757459,28.02888435
10.040045,6.3,45.41757459,28.02888435
10.040045,6.3,45.41757459,28.02888435
10.040045,6.3,45.41757459,28.02888435
8.620023,9.2,45.41762946,28.02891866
8.620023,9.2,45.41762946,28.02891866
8.620023,9.2,45.41762946,28.02891866
8.620023,9.2,45.41762946,28.02891866
8.620023,9.2,45.41762946,28.02891866
6.1605196,23.1,45.41765559,28.02894357
6.1605196,23.1,45.41765559,28.02894357
6.1605196,23.1,45.41765559,28.02894357
6.1605196,23.1,45.41765559,28.02894357
6.1605196,23.1,45.41765559,28.02894357
5.495243,27.1,45.4176928,28.02896602
5.495243,27.1,45.4176928,28.02896602
5.495243,27.1,45.4176928,28.02896602
5.495243,27.1,45.4176928,28.02896602
5.495243,27.1,45.4176928,28.02896602
4.94001,22.6,45.41772873,28.02899415
4.94001,22.6,45.41772873,28.02899415
4.94001,22.6,45.41772873,28.02899415
4.94001,22.6,45.41772873,28.02899415
4.94001,22.6,45.41772873,28.02899415
4.5231957,17.3,45.41776781,28.02903582
4.5231957,17.3,45.41776781,28.02903582
4.5231957,17.3,45.41776781,28.02903582
4.5231957,17.3,45.41776781,28.02903582
4.5231957,17.3,45.41776781,28.02903582
3.5523794,35.7,45.4177936,28.02910588
3.5523794,35.7,45.4177936,28.02910588
3.5523794,35.7,45.4177936,28.02910588
3.5523794,35.7,45.4177936,28.02910588
3.5523794,35.7,45.4177936,28.02910588
2.8001606,22.8,45.41780828,28.02908574
2.8001606,22.8,45.41780828,28.02908574
2.8001606,22.8,45.41780828,28.02908574
2.8001606,22.8,45.41780828,28.02908574
2.8001606,22.8,45.41780828,28.02908574
2.230807,6.3,45.41783083,28.02909893
2.230807,6.3,45.41783083,28.02909893
2.230807,6.3,45.41783083,28.02909893
2.230807,6.3,45.41783083,28.02909893
2.230807,6.3,45.41783083,28.02909893
2.290022,5.2,45.41785366,28.02910099
2.290022,5.2,45.41785366,28.02910099
2.290022,5.2,45.41785366,28.02910099
2.290022,5.2,45.41785366,28.02910099
2.290022,5.2,45.41785366,28.02910099
2.35,4.1,45.41787706,28.02910223
2.35,4.1,45.41787706,28.02910223
2.35,4.1,45.41787706,28.02910223
2.35,4.1,45.41787706,28.02910223
2.35,4.1,45.41787706,28.02910223
2.5100796,354.5,45.41791166,28.02907903
2.5100796,354.5,45.41791166,28.02907903
2.5100796,354.5,45.41791166,28.02907903
2.5100796,354.5,45.41791166,28.02907903
2.5100796,354.5,45.41791166,28.02907903
2.6701686,7.5,45.41794336,28.02911551
2.6701686,7.5,45.41794336,28.02911551
2.6701686,7.5,45.41794336,28.02911551
2.6701686,7.5,45.41794336,28.02911551
2.6701686,7.5,45.41794336,28.02911551
2.8708534,12.8,45.41797959,28.02913216
2.8708534,12.8,45.41797959,28.02913216
2.8708534,12.8,45.41797959,28.02913216
2.8708534,12.8,45.41797959,28.02913216
2.8708534,12.8,45.41797959,28.02913216
3.22,57.7,45.41799135,28.02919421
3.22,57.7,45.41799135,28.02919421
3.22,57.7,45.41799135,28.02919421
3.22,57.7,45.41799135,28.02919421
3.22,57.7,45.41799135,28.02919421
3.35,45.0,45.41800586,28.02925317
3.35,45.0,45.41800586,28.02925317
3.35,45.0,45.41800586,28.02925317
3.35,45.0,45.41800586,28.02925317
3.35,45.0,45.41800586,28.02925317
3.85,48.8,45.4182011,28.02944922
3.85,48.8,45.4182011,28.02944922
3.85,48.8,45.4182011,28.02944922
3.85,48.8,45.4182011,28.02944922
3.85,48.8,45.4182011,28.02944922
3.85,48.8,45.41822395,28.02948622
3.85,48.8,45.41822395,28.02948622
3.85,48.8,45.41822395,28.02948622
3.85,48.8,45.41822395,28.02948622
3.85,48.8,45.41822395,28.02948622
4.8205085,39.1,45.41830359,28.02953143
4.8205085,39.1,45.41830359,28.02953143
4.8205085,39.1,45.41830359,28.02953143
4.8205085,39.1,45.41830359,28.02953143
4.8205085,39.1,45.41830359,28.02953143
3.4857423,41.5,45.41834726,28.02955649
3.4857423,41.5,45.41834726,28.02955649
3.4857423,41.5,45.41834726,28.02955649
3.4857423,41.5,45.41834726,28.02955649
3.4857423,41.5,45.41834726,28.02955649
3.520696,37.6,45.41838128,28.02957961
3.520696,37.6,45.41838128,28.02957961
3.520696,37.6,45.41838128,28.02957961
3.520696,37.6,45.41838128,28.02957961
3.520696,37.6,45.41838128,28.02957961
3.852194,46.6,45.41839973,28.02963727
3.852194,46.6,45.41839973,28.02963727
3.852194,46.6,45.41839973,28.02963727
3.852194,46.6,45.41839973,28.02963727
3.852194,46.6,45.41839973,28.02963727
3.473687,58.9,45.41840768,28.02970025
3.473687,58.9,45.41840768,28.02970025
3.473687,58.9,45.41840768,28.02970025
3.473687,58.9,45.41840768,28.02970025
3.473687,58.9,45.41840768,28.02970025
3.2503846,71.8,45.41840845,28.02975928
3.2503846,71.8,45.41840845,28.02975928
3.2503846,71.8,45.41840845,28.02975928
3.2503846,71.8,45.41840845,28.02975928
3.2503846,71.8,45.41840845,28.02975928
3.23,77.3,45.41840589,28.02982394
3.23,77.3,45.41840589,28.02982394
3.23,77.3,45.41840589,28.02982394
3.23,77.3,45.41840589,28.02982394
3.23,77.3,45.41840589,28.02982394
3.5007,78.9,45.41840559,28.02989403
3.5007,78.9,45.41840559,28.02989403
3.5007,78.9,45.41840559,28.02989403
3.5007,78.9,45.41840559,28.02989403
3.5007,78.9,45.41840559,28.02989403
3.5300567,79.5,45.41840661,28.029961
3.5300567,79.5,45.41840661,28.029961
3.5300567,79.5,45.41840661,28.029961
3.5300567,79.5,45.41840661,28.029961
3.5300567,79.5,45.41840661,28.029961
5.4401474,97.7,45.41819575,28.03032226
5.4401474,97.7,45.41819575,28.03032226
5.4401474,97.7,45.41819575,28.03032226
5.4401474,97.7,45.41819575,28.03032226
5.4401474,97.7,45.41819575,28.03032226
5.430009,97.8,45.41818825,28.03039224
5.430009,97.8,45.41818825,28.03039224
5.430009,97.8,45.41818825,28.03039224
5.430009,97.8,45.41818825,28.03039224
5.430009,97.8,45.41818825,28.03039224
9.34,114.8,45.41780628,28.03090304
9.34,114.8,45.41780628,28.03090304
9.34,114.8,45.41780628,28.03090304
9.34,114.8,45.41780628,28.03090304
9.34,114.8,45.41780628,28.03090304
9.86,111.8,45.4178356,28.03119077
9.86,111.8,45.4178356,28.03119077
9.86,111.8,45.4178356,28.03119077
9.86,111.8,45.4178356,28.03119077
9.86,111.8,45.4178356,28.03119077
10.04,115.3,45.4178015,28.03144774
10.04,115.3,45.4178015,28.03144774
10.04,115.3,45.4178015,28.03144774
10.04,115.3,45.4178015,28.03144774
10.04,115.3,45.4178015,28.03144774
10.190123,121.9,45.41771053,28.0316247
10.190123,121.9,45.41771053,28.0316247
10.190123,121.9,45.41771053,28.0316247
10.190123,121.9,45.41771053,28.0316247
10.190123,121.9,45.41771053,28.0316247
10.070715,137.7,45.41757898,28.03162743
10.070715,137.7,45.41757898,28.03162743
10.070715,137.7,45.41757898,28.03162743
10.070715,137.7,45.41757898,28.03162743
10.070715,137.7,45.41757898,28.03162743
10.690468,147.0,45.4174315,28.03183299
10.690468,147.0,45.4174315,28.03183299
10.690468,147.0,45.4174315,28.03183299
10.690468,147.0,45.4174315,28.03183299
10.690468,147.0,45.4174315,28.03183299
10.211415,147.9,45.41742906,28.03180734
10.211415,147.9,45.41742906,28.03180734
10.211415,147.9,45.41742906,28.03180734
10.211415,147.9,45.41742906,28.03180734
10.211415,147.9,45.41742906,28.03180734
10.172168,141.0,45.41737948,28.03191931
10.172168,141.0,45.41737948,28.03191931
10.172168,141.0,45.41737948,28.03191931
10.172168,141.0,45.41737948,28.03191931
10.172168,141.0,45.41737948,28.03191931
10.141109,139.4,45.41732116,28.03199998
10.141109,139.4,45.41732116,28.03199998
10.141109,139.4,45.41732116,28.03199998
10.141109,139.4,45.41732116,28.03199998
10.141109,139.4,45.41732116,28.03199998
9.76166,140.4,45.41727118,28.03204087
9.76166,140.4,45.41727118,28.03204087
9.76166,140.4,45.41727118,28.03204087
9.76166,140.4,45.41727118,28.03204087
9.76166,140.4,45.41727118,28.03204087
10.400692,129.1,45.4172177,28.03222233
10.400692,129.1,45.4172177,28.03222233
10.400692,129.1,45.4172177,28.03222233
10.400692,129.1,45.4172177,28.03222233
10.400692,129.1,45.4172177,28.03222233
11.020223,121.5,45.41709123,28.03245712
11.020223,121.5,45.41709123,28.03245712
11.020223,121.5,45.41709123,28.03245712
11.020223,121.5,45.41709123,28.03245712
11.020223,121.5,45.41709123,28.03245712
10.670918,108.9,45.41709126,28.03261873
10.670918,108.9,45.41709126,28.03261873
10.670918,108.9,45.41709126,28.03261873
10.670918,108.9,45.41709126,28.03261873
10.670918,108.9,45.41709126,28.03261873
11.010654,100.4,45.41714259,28.03272891
11.010654,100.4,45.41714259,28.03272891
11.010654,100.4,45.41714259,28.03272891
11.010654,100.4,45.41714259,28.03272891
11.010654,100.4,45.41714259,28.03272891
11.541252,78.4,45.41738069,28.03280105
11.541252,78.4,45.41738069,28.03280105
11.541252,78.4,45.41738069,28.03280105
11.541252,78.4,45.41738069,28.03280105
11.541252,78.4,45.41738069,28.03280105
11.42007,74.4,45.41745335,28.03291973
11.42007,74.4,45.41745335,28.03291973
11.42007,74.4,45.41745335,28.03291973
11.42007,74.4,45.41745335,28.03291973
11.42007,74.4,45.41745335,28.03291973
11.84095,57.6,45.41752134,28.03306625
11.84095,57.6,45.41752134,28.03306625
11.84095,57.6,45.41752134,28.03306625
11.84095,57.6,45.41752134,28.03306625
11.84095,57.6,45.41752134,28.03306625
12.390682,52.7,45.41757082,28.03320733
12.390682,52.7,45.41757082,28.03320733
12.390682,52.7,45.41757082,28.03320733
12.390682,52.7,45.41757082,28.03320733
12.390682,52.7,45.41757082,28.03320733
13.582121,51.8,45.41755721,28.03342821
13.582121,51.8,45.41755721,28.03342821
13.582121,51.8,45.41755721,28.03342821
13.582121,51.8,45.41755721,28.03342821
13.582121,51.8,45.41755721,28.03342821
13.846071,48.2,45.41767926,28.03354662
13.846071,48.2,45.41767926,28.03354662
13.846071,48.2,45.41767926,28.03354662
13.846071,48.2,45.41767926,28.03354662
13.846071,48.2,45.41767926,28.03354662
13.811597,43.6,45.41773214,28.03367889
13.811597,43.6,45.41773214,28.03367889
13.811597,43.6,45.41773214,28.03367889
13.811597,43.6,45.41773214,28.03367889
13.811597,43.6,45.41773214,28.03367889
13.800091,38.0,45.41785312,28.03376978
13.800091,38.0,45.41785312,28.03376978
13.800091,38.0,45.41785312,28.03376978
13.800091,38.0,45.41785312,28.03376978
13.800091,38.0,45.41785312,28.03376978
13.800131,36.2,45.41795618,28.03387424
13.800131,36.2,45.41795618,28.03387424
13.800131,36.2,45.41795618,28.03387424
13.800131,36.2,45.41795618,28.03387424
13.800131,36.2,45.41795618,28.03387424
15.650258,31.6,45.41812387,28.03402559
15.650258,31.6,45.41812387,28.03402559
15.650258,31.6,45.41812387,28.03402559
15.650258,31.6,45.41812387,28.03402559
15.650258,31.6,45.41812387,28.03402559
16.81076,30.4,45.41826141,28.03414728
16.81076,30.4,45.41826141,28.03414728
16.81076,30.4,45.41826141,28.03414728
16.81076,30.4,45.41826141,28.03414728
16.81076,30.4,45.41826141,28.03414728
16.460026,29.4,45.41839733,28.03426107
16.460026,29.4,45.41839733,28.03426107
16.460026,29.4,45.41839733,28.03426107
16.460026,29.4,45.41839733,28.03426107
16.460026,29.4,45.41839733,28.03426107
16.19,29.3,45.41852232,28.03434991
16.19,29.3,45.41852232,28.03434991
16.19,29.3,45.41852232,28.03434991
16.19,29.3,45.41852232,28.03434991
16.19,29.3,45.41852232,28.03434991
16.22011,30.4,45.41862235,28.03448986
16.22011,30.4,45.41862235,28.03448986
16.22011,30.4,45.41862235,28.03448986
16.22011,30.4,45.41862235,28.03448986
16.22011,30.4,45.41862235,28.03448986
16.230003,29.7,45.41875686,28.03456192
16.230003,29.7,45.41875686,28.03456192
16.230003,29.7,45.41875686,28.03456192
16.230003,29.7,45.41875686,28.03456192
16.230003,29.7,45.41875686,28.03456192
15.920028,31.4,45.41886813,28.03466533
15.920028,31.4,45.41886813,28.03466533
15.920028,31.4,45.41886813,28.03466533
15.920028,31.4,45.41886813,28.03466533
15.920028,31.4,45.41886813,28.03466533
16.020079,31.2,45.41900312,28.03476
16.020079,31.2,45.41900312,28.03476
16.020079,31.2,45.41900312,28.03476
16.020079,31.2,45.41900312,28.03476
16.020079,31.2,45.41900312,28.03476
16.140028,29.8,45.41913502,28.03487109
16.140028,29.8,45.41913502,28.03487109
16.140028,29.8,45.41913502,28.03487109
16.140028,29.8,45.41913502,28.03487109
16.140028,29.8,45.41913502,28.03487109
15.770384,34.8,45.41922504,28.03501075
15.770384,34.8,45.41922504,28.03501075
15.770384,34.8,45.41922504,28.03501075
15.770384,34.8,45.41922504,28.03501075
15.770384,34.8,45.41922504,28.03501075
16.511602,35.9,45.41935459,28.03513474
16.511602,35.9,45.41935459,28.03513474
16.511602,35.9,45.41935459,28.03513474
16.511602,35.9,45.41935459,28.03513474
16.511602,35.9,45.41935459,28.03513474
17.612728,35.2,45.41950759,28.03526965
17.612728,35.2,45.41950759,28.03526965
17.612728,35.2,45.41950759,28.03526965
17.612728,35.2,45.41950759,28.03526965
17.612728,35.2,45.41950759,28.03526965
16.480108,33.7,45.41962785,28.03528182
16.480108,33.7,45.41962785,28.03528182
16.480108,33.7,45.41962785,28.03528182
16.480108,33.7,45.41962785,28.03528182
16.480108,33.7,45.41962785,28.03528182
16.67,34.8,45.41976178,28.03541241
16.67,34.8,45.41976178,28.03541241
16.67,34.8,45.41976178,28.03541241
16.67,34.8,45.41976178,28.03541241
16.67,34.8,45.41976178,28.03541241
15.700028,36.2,45.41984131,28.03549649
15.700028,36.2,45.41984131,28.03549649
15.700028,36.2,45.41984131,28.03549649
15.700028,36.2,45.41984131,28.03549649
15.700028,36.2,45.41984131,28.03549649
15.8900795,37.8,45.4199367,28.03567514
15.8900795,37.8,45.4199367,28.03567514
15.8900795,37.8,45.4199367,28.03567514
15.8900795,37.8,45.4199367,28.03567514
15.8900795,37.8,45.4199367,28.03567514
16.350517,38.6,45.42005731,28.03582406
16.350517,38.6,45.42005731,28.03582406
16.350517,38.6,45.42005731,28.03582406
16.350517,38.6,45.42005731,28.03582406
16.350517,38.6,45.42005731,28.03582406
15.770812,40.4,45.42013817,28.03594171
15.770812,40.4,45.42013817,28.03594171
15.770812,40.4,45.42013817,28.03594171
15.770812,40.4,45.42013817,28.03594171
15.770812,40.4,45.42013817,28.03594171
15.610115,41.5,45.42020897,28.03606137
15.610115,41.5,45.42020897,28.03606137
15.610115,41.5,45.42020897,28.03606137
15.610115,41.5,45.42020897,28.03606137
15.610115,41.5,45.42020897,28.03606137
16.100698,42.0,45.42037035,28.03624087
16.100698,42.0,45.42037035,28.03624087
16.100698,42.0,45.42037035,28.03624087
16.100698,42.0,45.42037035,28.03624087
16.100698,42.0,45.42037035,28.03624087
17.131166,39.0,45.4205069,28.036358
17.131166,39.0,45.4205069,28.036358
17.131166,39.0,45.4205069,28.036358
17.131166,39.0,45.4205069,28.036358
17.131166,39.0,45.4205069,28.036358
16.451216,39.3,45.42059333,28.03647127
16.451216,39.3,45.42059333,28.03647127
16.451216,39.3,45.42059333,28.03647127
16.451216,39.3,45.42059333,28.03647127
16.451216,39.3,45.42059333,28.03647127
16.500195,39.4,45.42071023,28.03661216
16.500195,39.4,45.42071023,28.03661216
16.500195,39.4,45.42071023,28.03661216
16.500195,39.4,45.42071023,28.03661216
16.500195,39.4,45.42071023,28.03661216
16.220444,42.1,45.42076787,28.03680306
16.220444,42.1,45.42076787,28.03680306
16.220444,42.1,45.42076787,28.03680306
16.220444,42.1,45.42076787,28.03680306
16.220444,42.1,45.42076787,28.03680306
15.880079,44.9,45.42082787,28.03695972
15.880079,44.9,45.42082787,28.03695972
15.880079,44.9,45.42082787,28.03695972
15.880079,44.9,45.42082787,28.03695972
15.880079,44.9,45.42082787,28.03695972
15.4706335,46.3,45.42090428,28.03710103
15.4706335,46.3,45.42090428,28.03710103
15.4706335,46.3,45.42090428,28.03710103
15.4706335,46.3,45.42090428,28.03710103
15.4706335,46.3,45.42090428,28.03710103
15.164762,43.8,45.42100581,28.03709453
15.164762,43.8,45.42100581,28.03709453
15.164762,43.8,45.42100581,28.03709453
15.164762,43.8,45.42100581,28.03709453
15.164762,43.8,45.42100581,28.03709453
15.431296,43.9,45.42110896,28.0372266
15.431296,43.9,45.42110896,28.0372266
15.431296,43.9,45.42110896,28.0372266
15.431296,43.9,45.42110896,28.0372266
15.431296,43.9,45.42110896,28.0372266
16.200197,43.6,45.42123208,28.03738007
16.200197,43.6,45.42123208,28.03738007
16.200197,43.6,45.42123208,28.03738007
16.200197,43.6,45.42123208,28.03738007
16.200197,43.6,45.42123208,28.03738007
15.360833,40.2,45.42133978,28.03745725
15.360833,40.2,45.42133978,28.03745725
15.360833,40.2,45.42133978,28.03745725
15.360833,40.2,45.42133978,28.03745725
15.360833,40.2,45.42133978,28.03745725
16.830145,37.5,45.42149052,28.03756378
16.830145,37.5,45.42149052,28.03756378
16.830145,37.5,45.42149052,28.03756378
16.830145,37.5,45.42149052,28.03756378
16.830145,37.5,45.42149052,28.03756378
16.110153,37.2,45.42159844,28.03767927
16.110153,37.2,45.42159844,28.03767927
16.110153,37.2,45.42159844,28.03767927
16.110153,37.2,45.42159844,28.03767927
16.110153,37.2,45.42159844,28.03767927
17.090422,39.1,45.42174152,28.03783088
17.090422,39.1,45.42174152,28.03783088
17.090422,39.1,45.42174152,28.03783088
17.090422,39.1,45.42174152,28.03783088
17.090422,39.1,45.42174152,28.03783088
16.350992,43.1,45.42186299,28.03791631
16.350992,43.1,45.42186299,28.03791631
16.350992,43.1,45.42186299,28.03791631
16.350992,43.1,45.42186299,28.03791631
16.350992,43.1,45.42186299,28.03791631
15.491045,49.3,45.42199132,28.03803187
15.491045,49.3,45.42199132,28.03803187
15.491045,49.3,45.42199132,28.03803187
15.491045,49.3,45.42199132,28.03803187
15.491045,49.3,45.42199132,28.03803187
15.740203,49.6,45.42210012,28.03820245
15.740203,49.6,45.42210012,28.03820245
15.740203,49.6,45.42210012,28.03820245
15.740203,49.6,45.42210012,28.03820245
15.740203,49.6,45.42210012,28.03820245
15.970078,52.2,45.42210485,28.03843284
15.970078,52.2,45.42210485,28.03843284
15.970078,52.2,45.42210485,28.03843284
15.970078,52.2,45.42210485,28.03843284
15.970078,52.2,45.42210485,28.03843284
16.05,52.6,45.42218938,28.03860668
16.05,52.6,45.42218938,28.03860668
16.05,52.6,45.42218938,28.03860668
16.05,52.6,45.42218938,28.03860668
16.05,52.6,45.42218938,28.03860668
16.56001,50.8,45.42226537,28.03879144
16.56001,50.8,45.42226537,28.03879144
16.56001,50.8,45.42226537,28.03879144
16.56001,50.8,45.42226537,28.03879144
16.56001,50.8,45.42226537,28.03879144
16.280003,49.7,45.4223613,28.03891676
16.280003,49.7,45.4223613,28.03891676
16.280003,49.7,45.4223613,28.03891676
16.280003,49.7,45.4223613,28.03891676
16.280003,49.7,45.4223613,28.03891676
16.790049,52.0,45.42241797,28.0391536
16.790049,52.0,45.42241797,28.0391536
16.790049,52.0,45.42241797,28.0391536
16.790049,52.0,45.42241797,28.0391536
16.790049,52.0,45.42241797,28.0391536
16.780027,52.0,45.42251082,28.03932264
16.780027,52.0,45.42251082,28.03932264
16.780027,52.0,45.42251082,28.03932264
16.780027,52.0,45.42251082,28.03932264
16.780027,52.0,45.42251082,28.03932264
17.010027,52.5,45.42260745,28.03953072
17.010027,52.5,45.42260745,28.03953072
17.010027,52.5,45.42260745,28.03953072
17.010027,52.5,45.42260745,28.03953072
17.010027,52.5,45.42260745,28.03953072
17.000027,52.5,45.4227006,28.03970288
17.000027,52.5,45.4227006,28.03970288
17.000027,52.5,45.4227006,28.03970288
17.000027,52.5,45.4227006,28.03970288
17.000027,52.5,45.4227006,28.03970288
18.480024,53.3,45.42282269,28.0399693
18.480024,53.3,45.42282269,28.0399693
18.480024,53.3,45.42282269,28.0399693
18.480024,53.3,45.42282269,28.0399693
18.480024,53.3,45.42282269,28.0399693
18.470001,53.3,45.422922,28.04015831
18.470001,53.3,45.422922,28.04015831
18.470001,53.3,45.422922,28.04015831
18.470001,53.3,45.422922,28.04015831
18.470001,53.3,45.422922,28.04015831
17.120144,52.7,45.42298847,28.04028052
17.120144,52.7,45.42298847,28.04028052
17.120144,52.7,45.42298847,28.04028052
17.120144,52.7,45.42298847,28.04028052
17.120144,52.7,45.42298847,28.04028052
18.630041,50.3,45.42318202,28.04048623
18.630041,50.3,45.42318202,28.04048623
18.630041,50.3,45.42318202,28.04048623
18.630041,50.3,45.42318202,28.04048623
18.630041,50.3,45.42318202,28.04048623
18.210098,50.5,45.42332193,28.04072357
18.210098,50.5,45.42332193,28.04072357
18.210098,50.5,45.42332193,28.04072357
18.210098,50.5,45.42332193,28.04072357
18.210098,50.5,45.42332193,28.04072357
18.700386,52.2,45.42339955,28.04088223
18.700386,52.2,45.42339955,28.04088223
18.700386,52.2,45.42339955,28.04088223
18.700386,52.2,45.42339955,28.04088223
18.700386,52.2,45.42339955,28.04088223
18.670025,52.3,45.42351685,28.04108279
18.670025,52.3,45.42351685,28.04108279
18.670025,52.3,45.42351685,28.04108279
18.670025,52.3,45.42351685,28.04108279
18.670025,52.3,45.42351685,28.04108279
19.230042,53.7,45.4236034,28.04134885
19.230042,53.7,45.4236034,28.04134885
19.230042,53.7,45.4236034,28.04134885
19.230042,53.7,45.4236034,28.04134885
19.230042,53.7,45.4236034,28.04134885
19.140041,55.9,45.42365378,28.04161749
19.140041,55.9,45.42365378,28.04161749
19.140041,55.9,45.42365378,28.04161749
19.140041,55.9,45.42365378,28.04161749
19.140041,55.9,45.42365378,28.04161749
18.460096,58.2,45.42368482,28.0418218
18.460096,58.2,45.42368482,28.0418218
18.460096,58.2,45.42368482,28.0418218
18.460096,58.2,45.42368482,28.0418218
18.460096,58.2,45.42368482,28.0418218
18.32,60.6,45.42365111,28.04204115
18.32,60.6,45.42365111,28.04204115
18.32,60.6,45.42365111,28.04204115
18.32,60.6,45.42365111,28.04204115
18.32,60.6,45.42365111,28.04204115
18.130001,60.2,45.42373161,28.04226092
18.130001,60.2,45.42373161,28.04226092
18.130001,60.2,45.42373161,28.04226092
18.130001,60.2,45.42373161,28.04226092
18.130001,60.2,45.42373161,28.04226092
18.040545,60.6,45.42380987,28.04244279
18.040545,60.6,45.42380987,28.04244279
18.040545,60.6,45.42380987,28.04244279
18.040545,60.6,45.42380987,28.04244279
18.040545,60.6,45.42380987,28.04244279
18.660172,60.5,45.42389139,28.04266768
18.660172,60.5,45.42389139,28.04266768
18.660172,60.5,45.42389139,28.04266768
18.660172,60.5,45.42389139,28.04266768
18.660172,60.5,45.42389139,28.04266768
18.560066,60.6,45.42397415,28.04287896
18.560066,60.6,45.42397415,28.04287896
18.560066,60.6,45.42397415,28.04287896
18.560066,60.6,45.42397415,28.04287896
18.560066,60.6,45.42397415,28.04287896
16.76,62.4,45.4240312,28.04302656
16.76,62.4,45.4240312,28.04302656
16.76,62.4,45.4240312,28.04302656
16.76,62.4,45.4240312,28.04302656
16.76,62.4,45.4240312,28.04302656
15.080119,63.6,45.42407916,28.0431611
15.080119,63.6,45.42407916,28.0431611
15.080119,63.6,45.42407916,28.0431611
15.080119,63.6,45.42407916,28.0431611
15.080119,63.6,45.42407916,28.0431611
16.540775,58.9,45.42423086,28.04334445
16.540775,58.9,45.42423086,28.04334445
16.540775,58.9,45.42423086,28.04334445
16.540775,58.9,45.42423086,28.04334445
16.540775,58.9,45.42423086,28.04334445
16.33005,58.3,45.42430359,28.04351086
16.33005,58.3,45.42430359,28.04351086
16.33005,58.3,45.42430359,28.04351086
16.33005,58.3,45.42430359,28.04351086
16.33005,58.3,45.42430359,28.04351086
19.070024,65.6,45.42426001,28.04401042
19.070024,65.6,45.42426001,28.04401042
19.070024,65.6,45.42426001,28.04401042
19.070024,65.6,45.42426001,28.04401042
19.070024,65.6,45.42426001,28.04401042
19.310093,65.5,45.42431179,28.04427935
19.310093,65.5,45.42431179,28.04427935
19.310093,65.5,45.42431179,28.04427935
19.310093,65.5,45.42431179,28.04427935
19.310093,65.5,45.42431179,28.04427935
19.160023,65.7,45.42438444,28.04450619
19.160023,65.7,45.42438444,28.04450619
19.160023,65.7,45.42438444,28.04450619
19.160023,65.7,45.42438444,28.04450619
19.160023,65.7,45.42438444,28.04450619
19.120024,65.6,45.42446301,28.04472933
19.120024,65.6,45.42446301,28.04472933
19.120024,65.6,45.42446301,28.04472933
19.120024,65.6,45.42446301,28.04472933
19.120024,65.6,45.42446301,28.04472933
19.100012,65.5,45.42453739,28.04495199
19.100012,65.5,45.42453739,28.04495199
19.100012,65.5,45.42453739,28.04495199
19.100012,65.5,45.42453739,28.04495199
19.100012,65.5,45.42453739,28.04495199
19.660063,65.9,45.42465051,28.04546071
19.660063,65.9,45.42465051,28.04546071
19.660063,65.9,45.42465051,28.04546071
19.660063,65.9,45.42465051,28.04546071
19.660063,65.9,45.42465051,28.04546071
19.670023,65.8,45.42472442,28.04568993
19.670023,65.8,45.42472442,28.04568993
19.670023,65.8,45.42472442,28.04568993
19.670023,65.8,45.42472442,28.04568993
19.670023,65.8,45.42472442,28.04568993
19.660023,65.6,45.42480869,28.04591362
19.660023,65.6,45.42480869,28.04591362
19.660023,65.6,45.42480869,28.04591362
19.660023,65.6,45.42480869,28.04591362
19.660023,65.6,45.42480869,28.04591362
19.02001,62.3,45.42493085,28.04609489
19.02001,62.3,45.42493085,28.04609489
19.02001,62.3,45.42493085,28.04609489
19.02001,62.3,45.42493085,28.04609489
19.02001,62.3,45.42493085,28.04609489
19.030012,62.1,45.42501882,28.04630736
19.030012,62.1,45.42501882,28.04630736
19.030012,62.1,45.42501882,28.04630736
19.030012,62.1,45.42501882,28.04630736
19.030012,62.1,45.42501882,28.04630736
19.510042,59.0,45.4251798,28.04647617
19.510042,59.0,45.4251798,28.04647617
19.510042,59.0,45.4251798,28.04647617
19.510042,59.0,45.4251798,28.04647617
19.510042,59.0,45.4251798,28.04647617
18.75,59.8,45.42524839,28.04667122
18.75,59.8,45.42524839,28.04667122
18.75,59.8,45.42524839,28.04667122
18.75,59.8,45.42524839,28.04667122
18.75,59.8,45.42524839,28.04667122
18.020178,60.0,45.42535906,28.04687539
18.020178,60.0,45.42535906,28.04687539
18.020178,60.0,45.42535906,28.04687539
18.020178,60.0,45.42535906,28.04687539
18.020178,60.0,45.42535906,28.04687539
19.040445,57.9,45.42553132,28.04711162
19.040445,57.9,45.42553132,28.04711162
19.040445,57.9,45.42553132,28.04711162
19.040445,57.9,45.42553132,28.04711162
19.040445,57.9,45.42553132,28.04711162
19.350002,56.8,45.42569019,28.0473169
19.350002,56.8,45.42569019,28.0473169
19.350002,56.8,45.42569019,28.0473169
19.350002,56.8,45.42569019,28.0473169
19.350002,56.8,45.42569019,28.0473169
19.170317,56.6,45.42580385,28.04750528
19.170317,56.6,45.42580385,28.04750528
19.170317,56.6,45.42580385,28.04750528
19.170317,56.6,45.42580385,28.04750528
19.170317,56.6,45.42580385,28.04750528
19.710428,55.8,45.42593643,28.04771359
19.710428,55.8,45.42593643,28.04771359
19.710428,55.8,45.42593643,28.04771359
19.710428,55.8,45.42593643,28.04771359
19.710428,55.8,45.42593643,28.04771359
19.700125,55.8,45.42603611,28.04792154
19.700125,55.8,45.42603611,28.04792154
19.700125,55.8,45.42603611,28.04792154
19.700125,55.8,45.42603611,28.04792154
19.700125,55.8,45.42603611,28.04792154
19.78004,54.4,45.426195,28.04808569
19.78004,54.4,45.426195,28.04808569
19.78004,54.4,45.426195,28.04808569
19.78004,54.4,45.426195,28.04808569
19.78004,54.4,45.426195,28.04808569
19.74001,54.7,45.42628056,28.04829697
19.74001,54.7,45.42628056,28.04829697
19.74001,54.7,45.42628056,28.04829697
19.74001,54.7,45.42628056,28.04829697
19.74001,54.7,45.42628056,28.04829697
19.59001,54.4,45.42641348,28.04849026
19.59001,54.4,45.42641348,28.04849026
19.59001,54.4,45.42641348,28.04849026
19.59001,54.4,45.42641348,28.04849026
19.59001,54.4,45.42641348,28.04849026
19.500023,53.0,45.42656505,28.04862362
19.500023,53.0,45.42656505,28.04862362
19.500023,53.0,45.42656505,28.04862362
19.500023,53.0,45.42656505,28.04862362
19.500023,53.0,45.42656505,28.04862362
20.470243,54.8,45.42679961,28.04879711
20.470243,54.8,45.42679961,28.04879711
20.470243,54.8,45.42679961,28.04879711
20.470243,54.8,45.42679961,28.04879711
20.470243,54.8,45.42679961,28.04879711
20.16001,54.7,45.42686584,28.0490606
20.16001,54.7,45.42686584,28.0490606
20.16001,54.7,45.42686584,28.0490606
20.16001,54.7,45.42686584,28.0490606
20.16001,54.7,45.42686584,28.0490606
20.150023,54.6,45.42697105,28.04927
20.150023,54.6,45.42697105,28.04927
20.150023,54.6,45.42697105,28.04927
20.150023,54.6,45.42697105,28.04927
20.150023,54.6,45.42697105,28.04927
20.150023,54.6,45.42707606,28.0494795
20.150023,54.6,45.42707606,28.0494795
20.150023,54.6,45.42707606,28.0494795
20.150023,54.6,45.42707606,28.0494795
20.150023,54.6,45.42707606,28.0494795
20.14004,54.6,45.42718102,28.0496889
20.14004,54.6,45.42718102,28.0496889
20.14004,54.6,45.42718102,28.0496889
20.14004,54.6,45.42718102,28.0496889
20.14004,54.6,45.42718102,28.0496889
18.810009,58.5,45.42717121,28.04990772
18.810009,58.5,45.42717121,28.04990772
18.810009,58.5,45.42717121,28.04990772
18.810009,58.5,45.42717121,28.04990772
18.810009,58.5,45.42717121,28.04990772
17.66,60.9,45.42725471,28.05013441
17.66,60.9,45.42725471,28.05013441
17.66,60.9,45.42725471,28.05013441
17.66,60.9,45.42725471,28.05013441
17.66,60.9,45.42725471,28.05013441
17.950026,62.0,45.42726947,28.05036474
17.950026,62.0,45.42726947,28.05036474
17.950026,62.0,45.42726947,28.05036474
17.950026,62.0,45.42726947,28.05036474
17.950026,62.0,45.42726947,28.05036474
18.290012,63.0,45.42731091,28.0506363
18.290012,63.0,45.42731091,28.0506363
18.290012,63.0,45.42731091,28.0506363
18.290012,63.0,45.42731091,28.0506363
18.290012,63.0,45.42731091,28.0506363
18.770025,62.7,45.42745349,28.05094013
18.770025,62.7,45.42745349,28.05094013
18.770025,62.7,45.42745349,28.05094013
18.770025,62.7,45.42745349,28.05094013
18.770025,62.7,45.42745349,28.05094013
18.770012,62.7,45.42753122,28.05115274
18.770012,62.7,45.42753122,28.05115274
18.770012,62.7,45.42753122,28.05115274
18.770012,62.7,45.42753122,28.05115274
18.770012,62.7,45.42753122,28.05115274
18.380001,63.2,45.4275927,28.05136431
18.380001,63.2,45.4275927,28.05136431
18.380001,63.2,45.4275927,28.05136431
18.380001,63.2,45.4275927,28.05136431
18.380001,63.2,45.4275927,28.05136431
17.980003,62.7,45.42768328,28.0515129
17.980003,62.7,45.42768328,28.0515129
17.980003,62.7,45.42768328,28.0515129
17.980003,62.7,45.42768328,28.0515129
17.980003,62.7,45.42768328,28.0515129
17.800003,62.6,45.42777028,28.05169435
17.800003,62.6,45.42777028,28.05169435
17.800003,62.6,45.42777028,28.05169435
17.800003,62.6,45.42777028,28.05169435
17.800003,62.6,45.42777028,28.05169435
19.39004,61.7,45.4278802,28.05199422
19.39004,61.7,45.4278802,28.05199422
19.39004,61.7,45.4278802,28.05199422
19.39004,61.7,45.4278802,28.05199422
19.39004,61.7,45.4278802,28.05199422
19.950905,62.8,45.4279771,28.0523853
19.950905,62.8,45.4279771,28.0523853
19.950905,62.8,45.4279771,28.0523853
19.950905,62.8,45.4279771,28.0523853
19.950905,62.8,45.4279771,28.0523853
18.490877,53.9,45.42833459,28.05223524
18.490877,53.9,45.42833459,28.05223524
18.490877,53.9,45.42833459,28.05223524
18.490877,53.9,45.42833459,28.05223524
18.490877,53.9,45.42833459,28.05223524
17.940044,53.2,45.42844602,28.05229705
17.940044,53.2,45.42844602,28.05229705
17.940044,53.2,45.42844602,28.05229705
17.940044,53.2,45.42844602,28.05229705
17.940044,53.2,45.42844602,28.05229705
17.840004,53.6,45.42853504,28.05251748
17.840004,53.6,45.42853504,28.05251748
17.840004,53.6,45.42853504,28.05251748
17.840004,53.6,45.42853504,28.05251748
17.840004,53.6,45.42853504,28.05251748
17.520071,54.1,45.42862079,28.05272563
17.520071,54.1,45.42862079,28.05272563
17.520071,54.1,45.42862079,28.05272563
17.520071,54.1,45.42862079,28.05272563
17.520071,54.1,45.42862079,28.05272563
16.710106,54.9,45.42869208,28.05291857
16.710106,54.9,45.42869208,28.05291857
16.710106,54.9,45.42869208,28.05291857
16.710106,54.9,45.42869208,28.05291857
16.710106,54.9,45.42869208,28.05291857
16.16011,55.5,45.42876128,28.05309014
16.16011,55.5,45.42876128,28.05309014
16.16011,55.5,45.42876128,28.05309014
16.16011,55.5,45.42876128,28.05309014
16.16011,55.5,45.42876128,28.05309014
15.9902,55.2,45.42881103,28.05315611
15.9902,55.2,45.42881103,28.05315611
15.9902,55.2,45.42881103,28.05315611
15.9902,55.2,45.42881103,28.05315611
15.9902,55.2,45.42881103,28.05315611
16.570026,54.7,45.42889548,28.0533177
16.570026,54.7,45.42889548,28.0533177
16.570026,54.7,45.42889548,28.0533177
16.570026,54.7,45.42889548,28.0533177
16.570026,54.7,45.42889548,28.0533177
16.280003,53.9,45.42901501,28.05344688
16.280003,53.9,45.42901501,28.05344688
16.280003,53.9,45.42901501,28.05344688
16.280003,53.9,45.42901501,28.05344688
16.280003,53.9,45.42901501,28.05344688
16.290077,54.0,45.42910627,28.05363783
16.290077,54.0,45.42910627,28.05363783
16.290077,54.0,45.42910627,28.05363783
16.290077,54.0,45.42910627,28.05363783
16.290077,54.0,45.42910627,28.05363783
14.650491,55.4,45.42916337,28.0537881
14.650491,55.4,45.42916337,28.0537881
14.650491,55.4,45.42916337,28.0537881
14.650491,55.4,45.42916337,28.0537881
14.650491,55.4,45.42916337,28.0537881
13.530133,52.7,45.42934765,28.05366254
13.530133,52.7,45.42934765,28.05366254
13.530133,52.7,45.42934765,28.05366254
13.530133,52.7,45.42934765,28.05366254
13.530133,52.7,45.42934765,28.05366254
12.320259,57.0,45.42933042,28.05386231
12.320259,57.0,45.42933042,28.05386231
12.320259,57.0,45.42933042,28.05386231
12.320259,57.0,45.42933042,28.05386231
12.320259,57.0,45.42933042,28.05386231
10.932859,59.8,45.42936004,28.05399279
10.932859,59.8,45.42936004,28.05399279
10.932859,59.8,45.42936004,28.05399279
10.932859,59.8,45.42936004,28.05399279
10.932859,59.8,45.42936004,28.05399279
11.68084,67.7,45.42931896,28.05425587
11.68084,67.7,45.42931896,28.05425587
11.68084,67.7,45.42931896,28.05425587
11.68084,67.7,45.42931896,28.05425587
11.68084,67.7,45.42931896,28.05425587
10.621699,65.9,45.42925006,28.05455045
10.621699,65.9,45.42925006,28.05455045
10.621699,65.9,45.42925006,28.05455045
10.621699,65.9,45.42925006,28.05455045
10.621699,65.9,45.42925006,28.05455045
10.180398,49.9,45.42928942,28.0546043
10.180398,49.9,45.42928942,28.0546043
10.180398,49.9,45.42928942,28.0546043
10.180398,49.9,45.42928942,28.0546043
10.180398,49.9,45.42928942,28.0546043
9.300086,46.9,45.42937238,28.05466611
9.300086,46.9,45.42937238,28.05466611
9.300086,46.9,45.42937238,28.05466611
9.300086,46.9,45.42937238,28.05466611
9.300086,46.9,45.42937238,28.05466611
8.71,45.1,45.42938122,28.05473307
8.71,45.1,45.42938122,28.05473307
8.71,45.1,45.42938122,28.05473307
8.71,45.1,45.42938122,28.05473307
8.71,45.1,45.42938122,28.05473307
7.2213573,20.3,45.42943693,28.05459933
7.2213573,20.3,45.42943693,28.05459933
7.2213573,20.3,45.42943693,28.05459933
7.2213573,20.3,45.42943693,28.05459933
7.2213573,20.3,45.42943693,28.05459933
7.632621,15.6,45.42948768,28.05460989
7.632621,15.6,45.42948768,28.05460989
7.632621,15.6,45.42948768,28.05460989
7.632621,15.6,45.42948768,28.05460989
7.632621,15.6,45.42948768,28.05460989
8.002756,16.6,45.42957461,28.05460804
8.002756,16.6,45.42957461,28.05460804
8.002756,16.6,45.42957461,28.05460804
8.002756,16.6,45.42957461,28.05460804
8.002756,16.6,45.42957461,28.05460804
8.302409,15.7,45.42964909,28.05461801
8.302409,15.7,45.42964909,28.05461801
8.302409,15.7,45.42964909,28.05461801
8.302409,15.7,45.42964909,28.05461801
8.302409,15.7,45.42964909,28.05461801
7.9701567,18.4,45.42972414,28.05465804
7.9701567,18.4,45.42972414,28.05465804
7.9701567,18.4,45.42972414,28.05465804
7.9701567,18.4,45.42972414,28.05465804
7.9701567,18.4,45.42972414,28.05465804
6.38,31.7,45.42974065,28.05470948
6.38,31.7,45.42974065,28.05470948
6.38,31.7,45.42974065,28.05470948
6.38,31.7,45.42974065,28.05470948
6.38,31.7,45.42974065,28.05470948
4.790042,28.7,45.42974997,28.05463675
4.790042,28.7,45.42974997,28.05463675
4.790042,28.7,45.42974997,28.05463675
4.790042,28.7,45.42974997,28.05463675
4.790042,28.7,45.42974997,28.05463675
4.4416213,45.1,45.42976916,28.05469097
4.4416213,45.1,45.42976916,28.05469097
4.4416213,45.1,45.42976916,28.05469097
4.4416213,45.1,45.42976916,28.05469097
4.4416213,45.1,45.42976916,28.05469097
4.1001096,64.0,45.42980169,28.05473748
4.1001096,64.0,45.42980169,28.05473748
4.1001096,64.0,45.42980169,28.05473748
4.1001096,64.0,45.42980169,28.05473748
4.1001096,64.0,45.42980169,28.05473748
3.9740787,75.6,45.42980079,28.05482412
3.9740787,75.6,45.42980079,28.05482412
3.9740787,75.6,45.42980079,28.05482412
3.9740787,75.6,45.42980079,28.05482412
3.9740787,75.6,45.42980079,28.05482412
5.2516093,77.7,45.42980811,28.05494152
5.2516093,77.7,45.42980811,28.05494152
5.2516093,77.7,45.42980811,28.05494152
5.2516093,77.7,45.42980811,28.05494152
5.2516093,77.7,45.42980811,28.05494152
6.0705276,83.8,45.42978932,28.05507585
6.0705276,83.8,45.42978932,28.05507585
6.0705276,83.8,45.42978932,28.05507585
6.0705276,83.8,45.42978932,28.05507585
6.0705276,83.8,45.42978932,28.05507585
6.1720743,87.9,45.42979931,28.05526339
6.1720743,87.9,45.42979931,28.05526339
6.1720743,87.9,45.42979931,28.05526339
6.1720743,87.9,45.42979931,28.05526339
6.1720743,87.9,45.42979931,28.05526339
6.1129537,88.6,45.42978675,28.05538879
6.1129537,88.6,45.42978675,28.05538879
6.1129537,88.6,45.42978675,28.05538879
6.1129537,88.6,45.42978675,28.05538879
6.1129537,88.6,45.42978675,28.05538879
6.21,101.6,45.42973642,28.05553018
6.21,101.6,45.42973642,28.05553018
6.21,101.6,45.42973642,28.05553018
6.21,101.6,45.42973642,28.05553018
6.21,101.6,45.42973642,28.05553018
6.280287,147.3,45.42957605,28.05554795
6.280287,147.3,45.42957605,28.05554795
6.280287,147.3,45.42957605,28.05554795
6.280287,147.3,45.42957605,28.05554795
6.280287,147.3,45.42957605,28.05554795
4.7900105,141.1,45.42955159,28.05558895
4.7900105,141.1,45.42955159,28.05558895
4.7900105,141.1,45.42955159,28.05558895
4.7900105,141.1,45.42955159,28.05558895
4.7900105,141.1,45.42955159,28.05558895
4.7605147,136.4,45.42952568,28.05563082
4.7605147,136.4,45.42952568,28.05563082
4.7605147,136.4,45.42952568,28.05563082
4.7605147,136.4,45.42952568,28.05563082
4.7605147,136.4,45.42952568,28.05563082
4.890368,132.2,45.4295033,28.05568502
4.890368,132.2,45.4295033,28.05568502
4.890368,132.2,45.4295033,28.05568502
4.890368,132.2,45.4295033,28.05568502
4.890368,132.2,45.4295033,28.05568502
5.1500096,110.5,45.42950972,28.05576314
5.1500096,110.5,45.42950972,28.05576314
5.1500096,110.5,45.42950972,28.05576314
5.1500096,110.5,45.42950972,28.05576314
5.1500096,110.5,45.42950972,28.05576314
5.3620987,104.8,45.42949774,28.05583639
5.3620987,104.8,45.42949774,28.05583639
5.3620987,104.8,45.42949774,28.05583639
5.3620987,104.8,45.42949774,28.05583639
5.3620987,104.8,45.42949774,28.05583639
7.472416,73.3,45.42963467,28.05595283
7.472416,73.3,45.42963467,28.05595283
7.472416,73.3,45.42963467,28.05595283
7.472416,73.3,45.42963467,28.05595283
7.472416,73.3,45.42963467,28.05595283
8.650468,68.9,45.42967317,28.05608155
8.650468,68.9,45.42967317,28.05608155
8.650468,68.9,45.42967317,28.05608155
8.650468,68.9,45.42967317,28.05608155
8.650468,68.9,45.42967317,28.05608155
9.370006,66.2,45.4297245,28.05620134
9.370006,66.2,45.4297245,28.05620134
9.370006,66.2,45.4297245,28.05620134
9.370006,66.2,45.4297245,28.05620134
9.370006,66.2,45.4297245,28.05620134
9.79002,66.8,45.42976428,28.05634191
9.79002,66.8,45.42976428,28.05634191
9.79002,66.8,45.42976428,28.05634191
9.79002,66.8,45.42976428,28.05634191
9.79002,66.8,45.42976428,28.05634191
10.190043,64.2,45.42985212,28.05645735
10.190043,64.2,45.42985212,28.05645735
10.190043,64.2,45.42985212,28.05645735
10.190043,64.2,45.42985212,28.05645735
10.190043,64.2,45.42985212,28.05645735
11.01089,63.7,45.42988047,28.05659749
11.01089,63.7,45.42988047,28.05659749
11.01089,63.7,45.42988047,28.05659749
11.01089,63.7,45.42988047,28.05659749
11.01089,63.7,45.42988047,28.05659749
11.660154,63.1,45.42992693,28.05675458
11.660154,63.1,45.42992693,28.05675458
11.660154,63.1,45.42992693,28.05675458
11.660154,63.1,45.42992693,28.05675458
11.660154,63.1,45.42992693,28.05675458
11.7402725,61.7,45.43000609,28.05688136
11.7402725,61.7,45.43000609,28.05688136
11.7402725,61.7,45.43000609,28.05688136
11.7402725,61.7,45.43000609,28.05688136
11.7402725,61.7,45.43000609,28.05688136
9.6503315,58.8,45.43018422,28.05687054
9.6503315,58.8,45.43018422,28.05687054
9.6503315,58.8,45.43018422,28.05687054
9.6503315,58.8,45.43018422,28.05687054
9.6503315,58.8,45.43018422,28.05687054
11.360039,58.4,45.43028754,28.05702648
11.360039,58.4,45.43028754,28.05702648
11.360039,58.4,45.43028754,28.05702648
11.360039,58.4,45.43028754,28.05702648
11.360039,58.4,45.43028754,28.05702648
12.150103,61.8,45.43034691,28.05719889
12.150103,61.8,45.43034691,28.05719889
12.150103,61.8,45.43034691,28.05719889
12.150103,61.8,45.43034691,28.05719889
12.150103,61.8,45.43034691,28.05719889
12.060149,60.8,45.4303507,28.05730469
12.060149,60.8,45.4303507,28.05730469
12.060149,60.8,45.4303507,28.05730469
12.060149,60.8,45.4303507,28.05730469
12.060149,60.8,45.4303507,28.05730469
11.673122,57.9,45.43044451,28.05737539
11.673122,57.9,45.43044451,28.05737539
11.673122,57.9,45.43044451,28.05737539
11.673122,57.9,45.43044451,28.05737539
11.673122,57.9,45.43044451,28.05737539
11.760426,58.9,45.4304475,28.05753438
11.760426,58.9,45.4304475,28.05753438
11.760426,58.9,45.4304475,28.05753438
11.760426,58.9,45.4304475,28.05753438
11.760426,58.9,45.4304475,28.05753438
11.470528,62.6,45.43049826,28.0576883
11.470528,62.6,45.43049826,28.0576883
11.470528,62.6,45.43049826,28.0576883
11.470528,62.6,45.43049826,28.0576883
11.470528,62.6,45.43049826,28.0576883
11.470109,62.6,45.43054581,28.0578184
11.470109,62.6,45.43054581,28.0578184
11.470109,62.6,45.43054581,28.0578184
11.470109,62.6,45.43054581,28.0578184
11.470109,62.6,45.43054581,28.0578184
10.460689,66.1,45.43059414,28.05792847
10.460689,66.1,45.43059414,28.05792847
10.460689,66.1,45.43059414,28.05792847
10.460689,66.1,45.43059414,28.05792847
10.460689,66.1,45.43059414,28.05792847
10.490119,63.2,45.43068964,28.05799809
10.490119,63.2,45.43068964,28.05799809
10.490119,63.2,45.43068964,28.05799809
10.490119,63.2,45.43068964,28.05799809
10.490119,63.2,45.43068964,28.05799809
8.680974,63.0,45.43070436,28.05811472
8.680974,63.0,45.43070436,28.05811472
8.680974,63.0,45.43070436,28.05811472
8.680974,63.0,45.43070436,28.05811472
8.680974,63.0,45.43070436,28.05811472
9.370261,61.8,45.43071342,28.0582538
9.370261,61.8,45.43071342,28.0582538
9.370261,61.8,45.43071342,28.0582538
9.370261,61.8,45.43071342,28.0582538
9.370261,61.8,45.43071342,28.0582538
9.810128,59.9,45.43077928,28.05835148
9.810128,59.9,45.43077928,28.05835148
9.810128,59.9,45.43077928,28.05835148
9.810128,59.9,45.43077928,28.05835148
9.810128,59.9,45.43077928,28.05835148
9.1,62.8,45.43077904,28.05847488
9.1,62.8,45.43077904,28.05847488
9.1,62.8,45.43077904,28.05847488
9.1,62.8,45.43077904,28.05847488
9.1,62.8,45.43077904,28.05847488
9.370341,61.2,45.43083702,28.05857708
9.370341,61.2,45.43083702,28.05857708
9.370341,61.2,45.43083702,28.05857708
9.370341,61.2,45.43083702,28.05857708
9.370341,61.2,45.43083702,28.05857708
8.691864,69.0,45.43077689,28.05876773
8.691864,69.0,45.43077689,28.05876773
8.691864,69.0,45.43077689,28.05876773
8.691864,69.0,45.43077689,28.05876773
8.691864,69.0,45.43077689,28.05876773
7.210173,74.8,45.43076446,28.05879313
7.210173,74.8,45.43076446,28.05879313
7.210173,74.8,45.43076446,28.05879313
7.210173,74.8,45.43076446,28.05879313
7.210173,74.8,45.43076446,28.05879313
5.9019065,122.3,45.43042373,28.05898191
5.9019065,122.3,45.43042373,28.05898191
5.9019065,122.3,45.43042373,28.05898191
5.9019065,122.3,45.43042373,28.05898191
5.9019065,122.3,45.43042373,28.05898191
5.2607703,127.5,45.43042477,28.05892011
5.2607703,127.5,45.43042477,28.05892011
5.2607703,127.5,45.43042477,28.05892011
5.2607703,127.5,45.43042477,28.05892011
5.2607703,127.5,45.43042477,28.05892011
4.012443,128.9,45.43039745,28.0589518
4.012443,128.9,45.43039745,28.0589518
4.012443,128.9,45.43039745,28.0589518
4.012443,128.9,45.43039745,28.0589518
4.012443,128.9,45.43039745,28.0589518
3.213503,143.1,45.4304039,28.05886993
3.213503,143.1,45.4304039,28.05886993
3.213503,143.1,45.4304039,28.05886993
3.213503,143.1,45.4304039,28.05886993
3.213503,143.1,45.4304039,28.05886993
1.7800281,132.3,45.43050423,28.05874302
1.7800281,132.3,45.43050423,28.05874302
1.7800281,132.3,45.43050423,28.05874302
1.7800281,132.3,45.43050423,28.05874302
1.7800281,132.3,45.43050423,28.05874302
2.270022,132.4,45.43030327,28.059076
2.270022,132.4,45.43030327,28.059076
2.270022,132.4,45.43030327,28.059076
2.270022,132.4,45.43030327,28.059076
2.270022,132.4,45.43030327,28.059076
1.8713098,141.7,45.43031078,28.05904434
1.8713098,141.7,45.43031078,28.05904434
1.8713098,141.7,45.43031078,28.05904434
1.8713098,141.7,45.43031078,28.05904434
1.8713098,141.7,45.43031078,28.05904434
1.8713098,141.7,45.43031078,28.05904434
3.5036552,297.7,45.43050745,28.05864249
3.5036552,297.7,45.43050745,28.05864249
3.5036552,297.7,45.43050745,28.05864249
3.5036552,297.7,45.43050745,28.05864249
3.5036552,297.7,45.43050745,28.05864249
3.5036552,297.7,45.43050745,28.05864249
4.1500483,298.9,45.43051639,28.05860541
4.1500483,298.9,45.43051639,28.05860541
4.1500483,298.9,45.43051639,28.05860541
4.1500483,298.9,45.43051639,28.05860541
4.1500483,298.9,45.43051639,28.05860541
4.1500483,298.9,45.43051639,28.05860541
2.5528219,305.3,45.43053387,28.05857924
2.5528219,305.3,45.43053387,28.05857924
2.5528219,305.3,45.43053387,28.05857924
2.5528219,305.3,45.43053387,28.05857924
2.5528219,305.3,45.43053387,28.05857924
2.5528219,305.3,45.43053387,28.05857924
2.5528219,305.3,45.43053387,28.05857924
2.66,279.4,45.43052115,28.05851151
2.66,279.4,45.43052115,28.05851151
2.66,279.4,45.43052115,28.05851151
2.66,279.4,45.43052115,28.05851151
2.66,279.4,45.43052115,28.05851151
2.66,279.4,45.43052115,28.05851151
2.66,279.4,45.43052115,28.05851151
4.346631,276.3,45.43052327,28.05843349
4.346631,276.3,45.43052327,28.05843349
4.346631,276.3,45.43052327,28.05843349
4.346631,276.3,45.43052327,28.05843349
4.346631,276.3,45.43052327,28.05843349
4.346631,276.3,45.43052327,28.05843349
4.346631,276.3,45.43052327,28.05843349
4.148156,285.1,45.43054612,28.05836761
4.148156,285.1,45.43054612,28.05836761
4.148156,285.1,45.43054612,28.05836761
4.148156,285.1,45.43054612,28.05836761
4.148156,285.1,45.43054612,28.05836761
4.148156,285.1,45.43054612,28.05836761
4.148156,285.1,45.43054612,28.05836761
4.2205806,293.5,45.43057205,28.05830923
4.2205806,293.5,45.43057205,28.05830923
4.2205806,293.5,45.43057205,28.05830923
4.2205806,293.5,45.43057205,28.05830923
4.2205806,293.5,45.43057205,28.05830923
4.2205806,293.5,45.43057205,28.05830923
4.2205806,293.5,45.43057205,28.05830923
4.27,304.7,45.43060133,28.05826655
4.27,304.7,45.43060133,28.05826655
4.27,304.7,45.43060133,28.05826655
4.27,304.7,45.43060133,28.05826655
4.27,304.7,45.43060133,28.05826655
4.27,304.7,45.43060133,28.05826655
4.27,304.7,45.43060133,28.05826655
4.380411,312.6,45.43063972,28.05822763
4.380411,312.6,45.43063972,28.05822763
4.380411,312.6,45.43063972,28.05822763
4.380411,312.6,45.43063972,28.05822763
4.380411,312.6,45.43063972,28.05822763
4.380411,312.6,45.43063972,28.05822763
4.380411,312.6,45.43063972,28.05822763
4.2292786,320.5,45.43068271,28.05821218
4.2292786,320.5,45.43068271,28.05821218
4.2292786,320.5,45.43068271,28.05821218
4.2292786,320.5,45.43068271,28.05821218
4.2292786,320.5,45.43068271,28.05821218
4.2292786,320.5,45.43068271,28.05821218
4.2292786,320.5,45.43068271,28.05821218
4.1175966,329.7,45.4307263,28.05819821
4.1175966,329.7,45.4307263,28.05819821
4.1175966,329.7,45.4307263,28.05819821
4.1175966,329.7,45.4307263,28.05819821
4.1175966,329.7,45.4307263,28.05819821
4.1175966,329.7,45.4307263,28.05819821
4.1175966,329.7,45.4307263,28.05819821
4.5035987,338.6,45.4307781,28.05818581
4.5035987,338.6,45.4307781,28.05818581
4.5035987,338.6,45.4307781,28.05818581
4.5035987,338.6,45.4307781,28.05818581
4.5035987,338.6,45.4307781,28.05818581
4.5035987,338.6,45.4307781,28.05818581
4.5035987,338.6,45.4307781,28.05818581
4.510011,342.8,45.43083022,28.05817238
4.510011,342.8,45.43083022,28.05817238
4.510011,342.8,45.43083022,28.05817238
4.510011,342.8,45.43083022,28.05817238
4.510011,342.8,45.43083022,28.05817238
4.510011,342.8,45.43083022,28.05817238
4.510011,342.8,45.43083022,28.05817238
4.500011,344.0,45.43087998,28.05816139
4.500011,344.0,45.43087998,28.05816139
4.500011,344.0,45.43087998,28.05816139
4.500011,344.0,45.43087998,28.05816139
4.500011,344.0,45.43087998,28.05816139
4.500011,344.0,45.43087998,28.05816139
4.500011,344.0,45.43087998,28.05816139
4.540275,340.7,45.43092715,28.05814366
4.540275,340.7,45.43092715,28.05814366
4.540275,340.7,45.43092715,28.05814366
4.540275,340.7,45.43092715,28.05814366
4.540275,340.7,45.43092715,28.05814366
4.540275,340.7,45.43092715,28.05814366
4.540275,340.7,45.43092715,28.05814366
4.5005445,340.6,45.43097271,28.05812508
4.5005445,340.6,45.43097271,28.05812508
4.5005445,340.6,45.43097271,28.05812508
4.5005445,340.6,45.43097271,28.05812508
4.5005445,340.6,45.43097271,28.05812508
4.5005445,340.6,45.43097271,28.05812508
4.5005445,340.6,45.43097271,28.05812508
4.5231957,342.7,45.4310174,28.05810722
4.5231957,342.7,45.4310174,28.05810722
4.5231957,342.7,45.4310174,28.05810722
4.5231957,342.7,45.4310174,28.05810722
4.5231957,342.7,45.4310174,28.05810722
4.5231957,342.7,45.4310174,28.05810722
4.5231957,342.7,45.4310174,28.05810722
4.890092,350.1,45.43111053,28.05810002
4.890092,350.1,45.43111053,28.05810002
4.890092,350.1,45.43111053,28.05810002
4.890092,350.1,45.43111053,28.05810002
4.890092,350.1,45.43111053,28.05810002
4.890092,350.1,45.43111053,28.05810002
4.890092,350.1,45.43111053,28.05810002
4.5507035,348.1,45.43115555,28.05807068
4.5507035,348.1,45.43115555,28.05807068
4.5507035,348.1,45.43115555,28.05807068
4.5507035,348.1,45.43115555,28.05807068
4.5507035,348.1,45.43115555,28.05807068
4.5507035,348.1,45.43115555,28.05807068
4.5507035,348.1,45.43115555,28.05807068
4.541101,345.8,45.43119714,28.05805174
4.541101,345.8,45.43119714,28.05805174
4.541101,345.8,45.43119714,28.05805174
4.541101,345.8,45.43119714,28.05805174
4.541101,345.8,45.43119714,28.05805174
4.541101,345.8,45.43119714,28.05805174
4.541101,345.8,45.43119714,28.05805174
4.8710265,342.2,45.43125226,28.05800921
4.8710265,342.2,45.43125226,28.05800921
4.8710265,342.2,45.43125226,28.05800921
4.8710265,342.2,45.43125226,28.05800921
4.8710265,342.2,45.43125226,28.05800921
4.8710265,342.2,45.43125226,28.05800921
4.8710265,342.2,45.43125226,28.05800921
9.440084,1.4,45.4317504,28.05795398
9.440084,1.4,45.4317504,28.05795398
9.440084,1.4,45.4317504,28.05795398
9.440084,1.4,45.4317504,28.05795398
9.440084,1.4,45.4317504,28.05795398
9.440084,1.4,45.4317504,28.05795398
9.440084,1.4,45.4317504,28.05795398
5.9600754,313.3,45.43431649,28.05674016
5.9600754,313.3,45.43431649,28.05674016
5.9600754,313.3,45.43431649,28.05674016
5.9600754,313.3,45.43431649,28.05674016
5.9600754,313.3,45.43431649,28.05674016
5.9600754,313.3,45.43431649,28.05674016
5.9600754,313.3,45.43431649,28.05674016
5.490446,312.5,45.43429627,28.05672888
5.490446,312.5,45.43429627,28.05672888
5.490446,312.5,45.43429627,28.05672888
5.490446,312.5,45.43429627,28.05672888
5.490446,312.5,45.43429627,28.05672888
5.490446,312.5,45.43429627,28.05672888
5.490446,312.5,45.43429627,28.05672888
4.9402533,313.7,45.43420305,28.05677099
4.9402533,313.7,45.43420305,28.05677099
4.9402533,313.7,45.43420305,28.05677099
4.9402533,313.7,45.43420305,28.05677099
4.9402533,313.7,45.43420305,28.05677099
4.9402533,313.7,45.43420305,28.05677099
4.9402533,313.7,45.43420305,28.05677099
3.6719613,320.3,45.43403436,28.05700043
3.6719613,320.3,45.43403436,28.05700043
3.6719613,320.3,45.43403436,28.05700043
3.6719613,320.3,45.43403436,28.05700043
3.6719613,320.3,45.43403436,28.05700043
3.6719613,320.3,45.43403436,28.05700043
3.6719613,320.3,45.43403436,28.05700043
3.181902,332.1,45.43402528,28.05705196
3.181902,332.1,45.43402528,28.05705196
3.181902,332.1,45.43402528,28.05705196
3.181902,332.1,45.43402528,28.05705196
3.181902,332.1,45.43402528,28.05705196
3.181902,332.1,45.43402528,28.05705196
3.181902,332.1,45.43402528,28.05705196
3.0600653,331.5,45.43402298,28.0570787
3.0600653,331.5,45.43402298,28.0570787
3.0600653,331.5,45.43402298,28.0570787
3.0600653,331.5,45.43402298,28.0570787
3.0600653,331.5,45.43402298,28.0570787
3.0600653,331.5,45.43402298,28.0570787
3.0600653,331.5,45.43402298,28.0570787
3.0500164,331.6,45.43404695,28.05706028
3.0500164,331.6,45.43404695,28.05706028
3.0500164,331.6,45.43404695,28.05706028
3.0500164,331.6,45.43404695,28.05706028
3.0500164,331.6,45.43404695,28.05706028
3.0500164,331.6,45.43404695,28.05706028
3.0500164,331.6,45.43404695,28.05706028
3.0500164,331.6,45.43407087,28.0570419
3.0500164,331.6,45.43407087,28.0570419
3.0500164,331.6,45.43407087,28.0570419
3.0500164,331.6,45.43407087,28.0570419
3.0500164,331.6,45.43407087,28.0570419
3.0500164,331.6,45.43407087,28.0570419
3.0500164,331.6,45.43407087,28.0570419
2.2600222,6.8,45.43467394,28.05702923
2.2600222,6.8,45.43467394,28.05702923
2.2600222,6.8,45.43467394,28.05702923
2.2600222,6.8,45.43467394,28.05702923
2.2600222,6.8,45.43467394,28.05702923
2.2600222,6.8,45.43467394,28.05702923
2.2600222,6.8,45.43467394,28.05702923
1.67,331.1,45.43446419,28.05690844
1.67,331.1,45.43446419,28.05690844
1.67,331.1,45.43446419,28.05690844
1.67,331.1,45.43446419,28.05690844
1.67,331.1,45.43446419,28.05690844
1.67,331.1,45.43446419,28.05690844
1.67,331.1,45.43446419,28.05690844
1.69,332.5,45.43457244,28.056886
1.69,332.5,45.43457244,28.056886
1.69,332.5,45.43457244,28.056886
1.69,332.5,45.43457244,28.056886
1.69,332.5,45.43457244,28.056886
1.69,332.5,45.43457244,28.056886
1.69,332.5,45.43457244,28.056886
1.7100292,331.9,45.43461657,28.05687456
1.7100292,331.9,45.43461657,28.05687456
1.7100292,331.9,45.43461657,28.05687456
1.7100292,331.9,45.43461657,28.05687456
1.7100292,331.9,45.43461657,28.05687456
1.7100292,331.9,45.43461657,28.05687456
1.7100292,331.9,45.43461657,28.05687456
1.9309324,358.9,45.43464495,28.05688747
1.9309324,358.9,45.43464495,28.05688747
1.9309324,358.9,45.43464495,28.05688747
1.9309324,358.9,45.43464495,28.05688747
1.9309324,358.9,45.43464495,28.05688747
1.9309324,358.9,45.43464495,28.05688747
1.9309324,358.9,45.43464495,28.05688747
2.5523715,14.9,45.43462154,28.05688691
2.5523715,14.9,45.43462154,28.05688691
2.5523715,14.9,45.43462154,28.05688691
2.5523715,14.9,45.43462154,28.05688691
2.5523715,14.9,45.43462154,28.05688691
2.5523715,14.9,45.43462154,28.05688691
2.5523715,14.9,45.43462154,28.05688691
2.4010208,0.2,45.43463655,28.05686565
2.4010208,0.2,45.43463655,28.05686565
2.4010208,0.2,45.43463655,28.05686565
2.4010208,0.2,45.43463655,28.05686565
2.4010208,0.2,45.43463655,28.05686565
2.4010208,0.2,45.43463655,28.05686565
2.4010208,0.2,45.43463655,28.05686565
2.5949373,339.0,45.43484595,28.05678667
2.5949373,339.0,45.43484595,28.05678667
2.5949373,339.0,45.43484595,28.05678667
2.5949373,339.0,45.43484595,28.05678667
2.5949373,339.0,45.43484595,28.05678667
2.5949373,339.0,45.43484595,28.05678667
2.5949373,339.0,45.43484595,28.05678667
2.7018514,325.4,45.43484204,28.05674123
2.7018514,325.4,45.43484204,28.05674123
2.7018514,325.4,45.43484204,28.05674123
2.7018514,325.4,45.43484204,28.05674123
2.7018514,325.4,45.43484204,28.05674123
2.7018514,325.4,45.43484204,28.05674123
2.7018514,325.4,45.43484204,28.05674123
2.7500727,321.3,45.43484715,28.05670228
2.7500727,321.3,45.43484715,28.05670228
2.7500727,321.3,45.43484715,28.05670228
2.7500727,321.3,45.43484715,28.05670228
2.7500727,321.3,45.43484715,28.05670228
2.7500727,321.3,45.43484715,28.05670228
2.7500727,321.3,45.43484715,28.05670228
2.7900717,321.2,45.43486301,28.05667351
2.7900717,321.2,45.43486301,28.05667351
2.7900717,321.2,45.43486301,28.05667351
2.7900717,321.2,45.43486301,28.05667351
2.7900717,321.2,45.43486301,28.05667351
2.7900717,321.2,45.43486301,28.05667351
2.7900717,321.2,45.43486301,28.05667351
3.150254,316.6,45.43487425,28.05662823
3.150254,316.6,45.43487425,28.05662823
3.150254,316.6,45.43487425,28.05662823
3.150254,316.6,45.43487425,28.05662823
3.150254,316.6,45.43487425,28.05662823
3.150254,316.6,45.43487425,28.05662823
3.150254,316.6,45.43487425,28.05662823
3.1500635,313.5,45.43488694,28.05658319
3.1500635,313.5,45.43488694,28.05658319
3.1500635,313.5,45.43488694,28.05658319
3.1500635,313.5,45.43488694,28.05658319
3.1500635,313.5,45.43488694,28.05658319
3.1500635,313.5,45.43488694,28.05658319
3.1500635,313.5,45.43488694,28.05658319
3.1602533,327.7,45.43520235,28.05661751
3.1602533,327.7,45.43520235,28.05661751
3.1602533,327.7,45.43520235,28.05661751
3.1602533,327.7,45.43520235,28.05661751
3.1602533,327.7,45.43520235,28.05661751
3.1602533,327.7,45.43520235,28.05661751
3.1602533,327.7,45.43520235,28.05661751
2.7,296.6,45.43525153,28.05659696
2.7,296.6,45.43525153,28.05659696
2.7,296.6,45.43525153,28.05659696
2.7,296.6,45.43525153,28.05659696
2.7,296.6,45.43525153,28.05659696
2.7,296.6,45.43525153,28.05659696
2.7,296.6,45.43525153,28.05659696
2.681511,284.5,45.4352801,28.05656468
2.681511,284.5,45.4352801,28.05656468
2.681511,284.5,45.4352801,28.05656468
2.681511,284.5,45.4352801,28.05656468
2.681511,284.5,45.4352801,28.05656468
2.681511,284.5,45.4352801,28.05656468
2.681511,284.5,45.4352801,28.05656468
3.2105608,287.5,45.43530376,28.05651315
3.2105608,287.5,45.43530376,28.05651315
3.2105608,287.5,45.43530376,28.05651315
3.2105608,287.5,45.43530376,28.05651315
3.2105608,287.5,45.43530376,28.05651315
3.2105608,287.5,45.43530376,28.05651315
3.2105608,287.5,45.43530376,28.05651315
3.3305404,283.1,45.43532089,28.05645572
3.3305404,283.1,45.43532089,28.05645572
3.3305404,283.1,45.43532089,28.05645572
3.3305404,283.1,45.43532089,28.05645572
3.3305404,283.1,45.43532089,28.05645572
3.3305404,283.1,45.43532089,28.05645572
3.3305404,283.1,45.43532089,28.05645572
3.2218783,280.6,45.43535177,28.0564137
3.2218783,280.6,45.43535177,28.0564137
3.2218783,280.6,45.43535177,28.0564137
3.2218783,280.6,45.43535177,28.0564137
3.2218783,280.6,45.43535177,28.0564137
3.2218783,280.6,45.43535177,28.0564137
3.2218783,280.6,45.43535177,28.0564137
3.1407802,278.5,45.43538229,28.05637447
3.1407802,278.5,45.43538229,28.05637447
3.1407802,278.5,45.43538229,28.05637447
3.1407802,278.5,45.43538229,28.05637447
3.1407802,278.5,45.43538229,28.05637447
3.1407802,278.5,45.43538229,28.05637447
3.1407802,278.5,45.43538229,28.05637447
3.1002579,277.4,45.4355685,28.05636545
3.1002579,277.4,45.4355685,28.05636545
3.1002579,277.4,45.4355685,28.05636545
3.1002579,277.4,45.4355685,28.05636545
3.1002579,277.4,45.4355685,28.05636545
3.1002579,277.4,45.4355685,28.05636545
3.1002579,277.4,45.4355685,28.05636545
3.0536864,278.0,45.43558451,28.05633021
3.0536864,278.0,45.43558451,28.05633021
3.0536864,278.0,45.43558451,28.05633021
3.0536864,278.0,45.43558451,28.05633021
3.0536864,278.0,45.43558451,28.05633021
3.0536864,278.0,45.43558451,28.05633021
3.0536864,278.0,45.43558451,28.05633021
3.1023216,276.9,45.43560357,28.05629553
3.1023216,276.9,45.43560357,28.05629553
3.1023216,276.9,45.43560357,28.05629553
3.1023216,276.9,45.43560357,28.05629553
3.1023216,276.9,45.43560357,28.05629553
3.1023216,276.9,45.43560357,28.05629553
3.1023216,276.9,45.43560357,28.05629553
3.092329,277.5,45.43562301,28.05626073
3.092329,277.5,45.43562301,28.05626073
3.092329,277.5,45.43562301,28.05626073
3.092329,277.5,45.43562301,28.05626073
3.092329,277.5,45.43562301,28.05626073
3.092329,277.5,45.43562301,28.05626073
3.092329,277.5,45.43562301,28.05626073
3.2403858,277.9,45.43564695,28.05622052
3.2403858,277.9,45.43564695,28.05622052
3.2403858,277.9,45.43564695,28.05622052
3.2403858,277.9,45.43564695,28.05622052
3.2403858,277.9,45.43564695,28.05622052
3.2403858,277.9,45.43564695,28.05622052
3.2403858,277.9,45.43564695,28.05622052
4.0217905,278.3,45.43564731,28.05617582
4.0217905,278.3,45.43564731,28.05617582
4.0217905,278.3,45.43564731,28.05617582
4.0217905,278.3,45.43564731,28.05617582
4.0217905,278.3,45.43564731,28.05617582
4.0217905,278.3,45.43564731,28.05617582
4.0217905,278.3,45.43564731,28.05617582
4.1501083,279.1,45.43565439,28.05612457
4.1501083,279.1,45.43565439,28.05612457
4.1501083,279.1,45.43565439,28.05612457
4.1501083,279.1,45.43565439,28.05612457
4.1501083,279.1,45.43565439,28.05612457
4.1501083,279.1,45.43565439,28.05612457
4.1501083,279.1,45.43565439,28.05612457
4.3400116,279.5,45.43566993,28.0560654
4.3400116,279.5,45.43566993,28.0560654
4.3400116,279.5,45.43566993,28.0560654
4.3400116,279.5,45.43566993,28.0560654
4.3400116,279.5,45.43566993,28.0560654
4.3400116,279.5,45.43566993,28.0560654
4.3400116,279.5,45.43566993,28.0560654
4.210107,281.1,45.43568695,28.05600989
4.210107,281.1,45.43568695,28.05600989
4.210107,281.1,45.43568695,28.05600989
4.210107,281.1,45.43568695,28.05600989
4.210107,281.1,45.43568695,28.05600989
4.210107,281.1,45.43568695,28.05600989
4.210107,281.1,45.43568695,28.05600989
4.0004497,283.6,45.43570966,28.05595385
4.0004497,283.6,45.43570966,28.05595385
4.0004497,283.6,45.43570966,28.05595385
4.0004497,283.6,45.43570966,28.05595385
4.0004497,283.6,45.43570966,28.05595385
4.0004497,283.6,45.43570966,28.05595385
4.0004497,283.6,45.43570966,28.05595385
4.58,286.5,45.43574188,28.05588315
4.58,286.5,45.43574188,28.05588315
4.58,286.5,45.43574188,28.05588315
4.58,286.5,45.43574188,28.05588315
4.58,286.5,45.43574188,28.05588315
4.58,286.5,45.43574188,28.05588315
4.58,286.5,45.43574188,28.05588315
4.400557,289.0,45.43576415,28.05579656
4.400557,289.0,45.43576415,28.05579656
4.400557,289.0,45.43576415,28.05579656
4.400557,289.0,45.43576415,28.05579656
4.400557,289.0,45.43576415,28.05579656
4.400557,289.0,45.43576415,28.05579656
4.400557,289.0,45.43576415,28.05579656
3.8725314,292.9,45.43579592,28.05573526
3.8725314,292.9,45.43579592,28.05573526
3.8725314,292.9,45.43579592,28.05573526
3.8725314,292.9,45.43579592,28.05573526
3.8725314,292.9,45.43579592,28.05573526
3.8725314,292.9,45.43579592,28.05573526
3.8725314,292.9,45.43579592,28.05573526
4.417658,297.5,45.43582274,28.05566203
4.417658,297.5,45.43582274,28.05566203
4.417658,297.5,45.43582274,28.05566203
4.417658,297.5,45.43582274,28.05566203
4.417658,297.5,45.43582274,28.05566203
4.417658,297.5,45.43582274,28.05566203
4.417658,297.5,45.43582274,28.05566203
4.4518986,303.0,45.43585152,28.05558707
4.4518986,303.0,45.43585152,28.05558707
4.4518986,303.0,45.43585152,28.05558707
4.4518986,303.0,45.43585152,28.05558707
4.4518986,303.0,45.43585152,28.05558707
4.4518986,303.0,45.43585152,28.05558707
4.4518986,303.0,45.43585152,28.05558707
4.484462,310.1,45.43589164,28.0555253
4.484462,310.1,45.43589164,28.0555253
4.484462,310.1,45.43589164,28.0555253
4.484462,310.1,45.43589164,28.0555253
4.484462,310.1,45.43589164,28.0555253
4.484462,310.1,45.43589164,28.0555253
4.484462,310.1,45.43589164,28.0555253
4.721059,318.6,45.43593856,28.05547367
4.721059,318.6,45.43593856,28.05547367
4.721059,318.6,45.43593856,28.05547367
4.721059,318.6,45.43593856,28.05547367
4.721059,318.6,45.43593856,28.05547367
4.721059,318.6,45.43593856,28.05547367
4.721059,318.6,45.43593856,28.05547367
4.3100114,330.0,45.43598361,28.05545477
4.3100114,330.0,45.43598361,28.05545477
4.3100114,330.0,45.43598361,28.05545477
4.3100114,330.0,45.43598361,28.05545477
4.3100114,330.0,45.43598361,28.05545477
4.3100114,330.0,45.43598361,28.05545477
4.3100114,330.0,45.43598361,28.05545477
4.550176,336.1,45.43603608,28.05543738
4.550176,336.1,45.43603608,28.05543738
4.550176,336.1,45.43603608,28.05543738
4.550176,336.1,45.43603608,28.05543738
4.550176,336.1,45.43603608,28.05543738
4.550176,336.1,45.43603608,28.05543738
4.550176,336.1,45.43603608,28.05543738
4.5428185,338.0,45.43609204,28.05541571
4.5428185,338.0,45.43609204,28.05541571
4.5428185,338.0,45.43609204,28.05541571
4.5428185,338.0,45.43609204,28.05541571
4.5428185,338.0,45.43609204,28.05541571
4.5428185,338.0,45.43609204,28.05541571
4.5428185,338.0,45.43609204,28.05541571
5.9700084,334.6,45.43634255,28.05532406
5.9700084,334.6,45.43634255,28.05532406
5.9700084,334.6,45.43634255,28.05532406
5.9700084,334.6,45.43634255,28.05532406
5.9700084,334.6,45.43634255,28.05532406
5.9700084,334.6,45.43634255,28.05532406
5.9700084,334.6,45.43634255,28.05532406
7.600237,1.4,45.43626116,28.0556408
7.600237,1.4,45.43626116,28.0556408
7.600237,1.4,45.43626116,28.0556408
7.600237,1.4,45.43626116,28.0556408
7.600237,1.4,45.43626116,28.0556408
7.600237,1.4,45.43626116,28.0556408
7.600237,1.4,45.43626116,28.0556408
7.620236,1.8,45.43638923,28.05566784
7.620236,1.8,45.43638923,28.05566784
7.620236,1.8,45.43638923,28.05566784
7.620236,1.8,45.43638923,28.05566784
7.620236,1.8,45.43638923,28.05566784
7.620236,1.8,45.43638923,28.05566784
7.620236,1.8,45.43638923,28.05566784
7.620105,1.8,45.43645773,28.05567083
7.620105,1.8,45.43645773,28.05567083
7.620105,1.8,45.43645773,28.05567083
7.620105,1.8,45.43645773,28.05567083
7.620105,1.8,45.43645773,28.05567083
7.620105,1.8,45.43645773,28.05567083
7.620105,1.8,45.43645773,28.05567083
7.6100593,1.8,45.43652617,28.0556738
7.6100593,1.8,45.43652617,28.0556738
7.6100593,1.8,45.43652617,28.0556738
7.6100593,1.8,45.43652617,28.0556738
7.6100593,1.8,45.43652617,28.0556738
7.6100593,1.8,45.43652617,28.0556738
7.6100593,1.8,45.43652617,28.0556738
